{"type":"FeatureCollection","metadata":{"description":"中国西北历史人口密度面（汉/唐/清三断面），单位：人/km²相对值","dynasty_popdens_range":{"汉朝":{"min":0.363,"max":0.7917,"n":2},"唐朝":{"min":0.0412,"max":0.6212,"n":6},"清朝":{"min":0.0056,"max":1.5087,"n":15}},"note":"popdens为该府碎块均值；汉唐为河西-西域旧政区，清代为新疆建省前各府"},"features":[{"type":"Feature","geometry":{"type":"Polygon","coordinates":[[[78.95228261372388,40.28575735450404],[78.85088700014684,40.34426999974939],[78.78816599980459,40.40888500015966],[78.8372740001418,40.49961500034104],[78.90605799993409,40.5764029997166],[79.27186699971581,40.8204979999851],[79.33930799978806,40.88506699958021],[79.44737799997627,41.09376899959458],[79.5830740003517,41.17992200013674],[79.63150799983774,41.30773600000512],[79.62626500025536,41.488186999804206],[79.61329399950083,41.54237500002707],[79.571095999678,41.60732900025308],[79.50428899988529,41.659419000311814],[79.45490799997432,41.733581000431755],[79.29178599981456,41.79595100019566],[79.04553199945771,41.81901000015079],[78.98736200048154,41.86317099978412],[78.96267500015819,41.927043000420454],[78.83354800032009,42.004482000151725],[78.71824100020392,42.04914799996207],[78.54126600018623,42.06451199985296],[78.44071300004158,42.119129999835856],[78.49661200028935,42.19551800043286],[78.71041099995597,42.27535300010138],[79.0903250000163,42.36649400017637],[79.41312999991645,42.46739399988836],[79.49442799992737,42.475083999613865],[79.80652200011723,42.47554899981367],[79.91946699965935,42.46159200025033],[79.98413199996521,42.44363000031719],[80.14514700000431,42.32563599959738],[80.22526700020593,42.29682400009058],[80.287738999654,42.31449699981769],[80.4316560005184,42.39514700002526],[80.50369800006456,42.40624099986831],[80.54781200037797,42.43218699981982],[80.53596500017667,42.55072900024904],[80.55433199974891,42.60958300035113],[80.71755399997109,42.6253259996555],[80.80551399995534,42.62765599964418],[80.98402899976895,42.56934999966949],[81.20674500041825,42.37047999995572],[81.38032700014082,42.33160099993478],[81.5854279997587,42.340092999513516],[81.66243399993867,42.39304699968284],[81.71651100022886,42.40520100034849],[81.97060900009787,42.40029899969845],[82.09731099976713,42.41329600012674],[82.16893500021642,42.46130999983072],[82.52637899990067,42.43612100000248],[82.64431200000601,42.43939100016655],[82.73477399987412,42.46922499969052],[82.80738900010559,42.471968000168474],[82.80859699991015,42.43883699997386],[82.89123999934546,42.28268100026365],[82.90367699987368,42.224573000277644],[82.90511100046893,42.007586999760996],[82.87852500036571,41.95152100023906],[82.79543100037225,41.86154899970749],[82.72406200018253,41.82079599981815],[82.66202099993038,41.755479000372354],[82.61499999985573,41.692495000263534],[82.58062600028993,41.57820600046498],[82.55719299998123,41.548943000075916],[81.89780200013213,41.39104200007607],[81.64956300049414,41.25501799981099],[81.5580109996972,41.150558999507965],[81.40934900003433,40.90866899989034],[81.38774100032482,40.85017899972825],[81.36853597401937,40.619305942137906],[81.33903518153856,40.60981360273738],[81.35829865328478,40.58071412208992],[81.32792106927664,40.567938698779805],[81.33046000016903,40.53521699985547],[81.22380799986459,40.53338599973117],[81.20026431709317,40.54587503700949],[81.17050357828057,40.52479052387812],[81.04382299975336,40.53597300006326],[80.97978380562385,40.511448309874154],[81.07183250111083,40.528189126781854],[81.10718929182724,40.50614567917979],[81.13800596945052,40.52342785733101],[81.18045178987062,40.505650421079835],[81.20684013321876,40.529025589252306],[81.33740794672863,40.52112922023098],[81.34080350144464,40.55583559787508],[81.3625490003321,40.56339599991043],[81.35802199979422,40.50815799975832],[81.31724000008873,40.46408399961359],[81.25586200039015,40.43572499993089],[81.11112099999123,40.41649000038742],[80.96133099986133,40.36991199956507],[80.79852650562005,40.30259824865067],[80.85923974693966,40.3415048559086],[80.90131823212863,40.42214942757817],[80.92376700030857,40.432528999877015],[80.91727411925775,40.45917287886207],[80.91886094310702,40.43629659740507],[80.8898930002479,40.42016600014736],[80.78001967939643,40.29558969306706],[80.53213400019541,40.18336000029496],[80.25712299970326,39.97947300029756],[80.07469900001784,39.92094599997123],[80.02104600000108,39.9222490003634],[80.01708500042002,40.062294000251455],[79.8898799994954,40.27576600003818],[79.76953400028262,40.41674300006735],[79.69692399965335,40.437374000331246],[79.51523099959878,40.40948800010878],[79.25785400014385,40.300134000035946],[79.14438699951086,40.27444099996738],[79.02650400041361,40.264002999863145],[78.95228261372388,40.28575735450404]]]},"properties":{"pref":"Akesu","province":"Xinjiang","dynasty":"清朝","year":1820,"popdens":0.4808,"popdens_max":1.1686}},{"type":"Feature","geometry":{"type":"Polygon","coordinates":[[[91.65781532207463,43.38612761586928],[91.49155199957227,43.61504099951529],[91.59005100001106,43.648143000176624],[91.62323900052364,43.68177400016719],[91.62558099989586,43.7789629998433],[91.54955100002684,43.87546699987337],[91.39403100031701,43.90323699963891],[91.33506899931199,43.928071000292654],[91.31444500025863,43.979433000490765],[91.318615999697,44.02893599983418],[91.3355549996803,44.07974899992372],[91.43396199962413,44.233139000152235],[91.46257600037262,44.36010700035143],[91.49810300047447,44.427650000045205],[91.53684899944555,44.494947000238476],[91.69972699971183,44.68641000019684],[91.75474099996589,44.81364900022598],[91.8137649999535,44.904287999954725],[91.88120300000823,45.0768200001219],[92.05458099956316,45.08261899951605],[92.24518600059425,45.008899999778926],[92.29997999961233,45.021556999963785],[92.47699699998884,45.00180100017301],[92.77611600039052,45.044632000394884],[92.85117300026259,45.03348899996016],[92.88155399955409,45.04356400037548],[92.9853509994427,44.996661999930275],[93.17219500056473,45.01398899986016],[93.27740499972562,44.983737999787806],[93.31711600015556,44.97879799973743],[93.32884199937642,44.9938470002799],[93.43254899950341,44.954952000080354],[93.50695000010808,44.966515000304426],[93.76259499984008,44.87693499962276],[94.20154599991554,44.79265799969477],[94.36320699998076,44.68804999990572],[94.88929500006971,44.450056000259686],[95.54361800022326,44.23392100032069],[95.71949300051767,44.14918300001796],[95.92832899997941,44.01038600033182],[95.9887219996077,43.96217699976916],[96.09383799998132,43.80305899986386],[96.169014000075,43.47901000028731],[96.24569300051549,43.344143000352524],[96.0119379998859,43.357586000022216],[95.80522000030301,43.316333000155865],[95.6701749999802,43.34156999988266],[95.57343699992407,43.412347000400146],[95.42188499940066,43.420901999987656],[95.27713500033772,43.40335399991009],[95.14340200035319,43.36384000003078],[95.03129600015468,43.27843199984476],[94.87638899971418,43.10655799954243],[94.7295100001366,43.01343500019245],[94.65767599941493,42.99625000035124],[94.57664499971555,43.009617000126575],[94.43247799992822,43.063832000325846],[94.31899200006295,43.13279400024926],[94.2179719998855,43.23445099968038],[94.13088699968522,43.28219600017879],[93.94888799947847,43.33954200030127],[93.64497399953753,43.39724499955007],[93.48252099976897,43.379009999610396],[93.3963560001664,43.38505299983866],[93.1541800004381,43.44211800021129],[92.70561700052146,43.48084700018435],[92.06121199994458,43.48635100041753],[91.75264200006154,43.38447499961951],[91.65781532207463,43.38612761586928]],[[92.869003000501,43.72767600003016],[92.72073022436767,43.70131458733932],[92.75892765946983,43.619382079788316],[92.80890600043136,43.60365299964382],[92.85335567106004,43.62537427193104],[92.869003000501,43.72767600003016]],[[94.23264214089667,43.369997711794106],[94.2713748327467,43.363978643806384],[94.27416507651355,43.38736722700613],[94.19532799981525,43.41526399993217],[94.15633011607429,43.40028727811317],[94.20438893536779,43.39532267719188],[94.23264214089667,43.369997711794106]]]},"properties":{"pref":"Balikun","province":"Xinjiang","dynasty":"清朝","year":1820,"popdens":0.9223,"popdens_max":2.2415}},{"type":"Feature","geometry":{"type":"Polygon","coordinates":[[[89.59279200051225,43.393964999844094],[88.87959199963065,43.66430599967959],[88.86389499981927,43.723775000238426],[88.90988500042475,43.77779599999799],[89.05636599995647,43.808429000369784],[89.17012000055905,43.85194299998741],[89.37448400029888,43.97832900034734],[89.4206870001417,44.027654999790215],[89.46998299991951,44.13099800001648],[89.48688400030107,44.279122000284765],[89.41839699960778,44.56317899955581],[89.35194900052628,44.61889000015918],[89.57049100032867,44.94947400003807],[89.67774200013616,45.04935800027755],[89.86648700010171,45.1081959997749],[90.62774299954354,45.1005280001759],[90.68551800034302,45.126015999661504],[90.78601900001759,45.20506799995016],[90.77425499954927,45.22774500032121],[90.88040199993392,45.19084900022064],[90.93447900023781,45.193413000364664],[90.9907069998888,45.21794499990067],[91.15137499954743,45.203224000038766],[91.1922380000535,45.156005999769356],[91.23207800031614,45.13579199982852],[91.33181000021301,45.12694600014484],[91.37609900000851,45.10720100008654],[91.42725399972144,45.155231000290165],[91.45762600018786,45.14648100023013],[91.49978600032397,45.09555399991128],[91.61384599998284,45.06419000005276],[91.88120300000823,45.0768200001219],[91.8137649999535,44.904287999954725],[91.75474099996589,44.81364900022598],[91.69972699971183,44.68641000019684],[91.53684899944555,44.494947000238476],[91.49810300047447,44.427650000045205],[91.46257600037262,44.36010700035143],[91.43396199962413,44.233139000152235],[91.3355549996803,44.07974899992372],[91.318615999697,44.02893599983418],[91.31444500025863,43.979433000490765],[91.33506899931199,43.928071000292654],[91.39403100031701,43.90323699963891],[91.54955100002684,43.87546699987337],[91.5987609993705,43.82861600030629],[91.63109399997211,43.73324000037666],[91.62323900052364,43.68177400016719],[91.59005100001106,43.648143000176624],[91.40131799955213,43.59480499987075],[91.24662599957264,43.515986000063194],[91.15081599954534,43.49823499974596],[90.87671199945709,43.4932809999316],[90.58092400005397,43.5343080002757],[90.3752200002442,43.505240000446044],[90.30261899991048,43.4716249996666],[90.14483200015457,43.45025900007701],[90.01110499967695,43.47232599952439],[89.88981700006468,43.44375699993752],[89.790555000134,43.443074000331315],[89.6786210003472,43.386605999700286],[89.59279200051225,43.393964999844094]]]},"properties":{"pref":"Gucheng","province":"Xinjiang","dynasty":"清朝","year":1820,"popdens":0.6086,"popdens_max":1.4791}},{"type":"Feature","geometry":{"type":"Polygon","coordinates":[[[91.66935976533175,41.24643738719897],[91.56153799965088,41.3408969995685],[91.54013800055776,41.52304799980062],[91.55496999992397,41.70686200014581],[91.48640299967248,41.85676900006391],[91.44999199985666,42.02217599970862],[91.4496940005969,42.10347999988888],[91.49183700044884,42.267276999824354],[91.47130199954337,42.41798900014153],[91.47772600000624,42.50334499963041],[91.52025399957873,42.66724699958558],[91.50197400047958,42.70937199967999],[91.51057399971278,42.767473999656545],[91.46212799955569,42.93857300021132],[91.43219300008886,43.15348299964683],[91.4359949997095,43.221051000346684],[91.45685100004722,43.27826099997747],[91.50092899945726,43.3246230000637],[91.60229999972022,43.380069999507405],[91.75264200006154,43.38447499961951],[92.06121199994458,43.48635100041753],[92.70561700052146,43.48084700018435],[93.1541800004381,43.44211800021129],[93.3963560001664,43.38505299983866],[93.48252099976897,43.379009999610396],[93.64497399953753,43.39724499955007],[93.94888799947847,43.33954200030127],[94.13088699968522,43.28219600017879],[94.2179719998855,43.23445099968038],[94.31899200006295,43.13279400024926],[94.43247799992822,43.063832000325846],[94.57664499971555,43.009617000126575],[94.65767599941493,42.99625000035124],[94.7295100001366,43.01343500019245],[94.87638899971418,43.10655799954243],[95.03129600015468,43.27843199984476],[95.14340200035319,43.36384000003078],[95.27713500033772,43.40335399991009],[95.50984199984514,43.42207899995713],[95.57343699992407,43.412347000400146],[95.71639899957395,43.32466300031037],[95.8656180002155,43.320491999975516],[95.94080899995907,43.34795400028225],[96.13738600006297,43.35821300003789],[96.24569300051549,43.344143000352524],[96.27079399981068,43.31175700031443],[96.28727800026567,43.19790300017318],[96.32922699935308,43.137790000170575],[96.34633300023188,43.07849599989382],[96.39413200015241,42.71105199968757],[96.33440900028629,42.6909910003943],[96.16277399986517,42.688907999797486],[96.13131199942707,42.6464060001439],[96.10774000007727,42.49759600009412],[96.12880900012337,42.3784750002427],[96.10262099977368,42.27782299978403],[96.115835000648,42.235770999759254],[96.18558299965161,42.159760999585046],[96.21103899968749,42.0593570002233],[96.2037420006295,42.03026199975601],[96.17225800013998,41.9969010000333],[96.02640900017903,41.911044999667],[95.67953400057378,41.812777999747425],[95.54314400033435,41.72401699988998],[95.06624899957511,41.52865199988616],[95.0459669994785,41.40627900000831],[95.11085200026382,41.20951400002821],[95.12068200017795,41.12453900012396],[95.08221999979136,41.03444099972653],[94.99678000004884,40.97178899990294],[94.91930699962437,40.97094499963198],[94.66442199978515,41.05278200002897],[94.49941400027801,41.05517400037868],[94.29324599976493,41.02091899963059],[94.16379899984382,41.03714899982268],[93.99440900030707,41.03464900047117],[93.73716100011663,40.94028400006302],[93.69786300027909,40.87045599971591],[93.4703899994611,40.9281570003505],[93.23951599998747,40.91534999956477],[93.10624999970358,40.97521500006179],[93.06868400024891,41.013961000417986],[93.04849200008485,41.07002700042276],[93.01786400048113,41.092417999987006],[92.80408400050443,41.11253899999804],[92.47553999958274,41.202964000262796],[92.29870400001059,41.20928400033885],[91.98053800005682,41.30165100038176],[91.73224900012758,41.24126199957957],[91.66935976533175,41.24643738719897]]]},"properties":{"pref":"Hami","province":"Xinjiang","dynasty":"清朝","year":1820,"popdens":0.0985,"popdens_max":0.2394}},{"type":"Feature","geometry":{"type":"MultiPolygon","coordinates":[[[[78.49822200002005,34.58108900029928],[78.43200699988581,34.549064999934025],[78.41987599938942,34.59804200024601],[78.27062999955092,34.63178300015438],[78.26510600048034,34.706889999928926],[78.20720700031474,34.72444500023205],[78.20817599948317,34.75554600011077],[78.22890399994941,34.77791199957719],[78.23734999986934,34.87889899958236],[78.20394100013694,34.89328000011787],[78.17614000050563,34.93028700002292],[78.20243099968512,34.97287299954361],[78.1221309996197,35.036572000051905],[78.14226500004885,35.0662730003157],[78.13449099977382,35.1009979996896],[78.08032199999967,35.09802599996876],[78.05438999995984,35.11856399984888],[78.05259699979527,35.190204999687715],[78.0112069996195,35.22637199982752],[78.00605100032023,35.25296799977153],[78.01088000027316,35.366744999911695],[78.1045529998913,35.43795400031443],[78.13423199943244,35.49359100017226],[78.09506199994676,35.50173899958731],[78.02745799992982,35.47244999962773],[78.00765199946458,35.49242800018386],[78.11147700040813,35.59917199989976],[78.2178610003014,35.660202000033635],[78.28730500008157,35.728469999728475],[78.36609100055006,35.850591999836666],[78.38047400028654,35.98488500027481],[78.32352799968426,36.06816799953298],[78.14515799953861,36.165020999928615],[78.02071700006945,36.260047000071836],[77.97737900040323,36.33459200006238],[77.98764899986674,36.44063599964435],[78.06467899994156,36.519106000306714],[78.11908599963256,36.544275000141674],[78.35136099975658,36.541528999995684],[78.47274599986241,36.510320000140645],[78.59736000046188,36.58771199979874],[78.79260300012895,36.61183200011093],[78.85268700020828,36.72499200041689],[78.95665499963437,36.857586000244275],[79.15785200026426,37.010358000415955],[79.31273800031369,37.103971999899],[79.41946700059219,37.218924999822974],[79.45472400024725,37.378075000284014],[79.47577399983192,37.765515000096485],[79.44015799950938,38.01196200010506],[79.50551800003063,38.40038900044347],[79.63961800039921,38.836248000069986],[79.81312199999996,39.12172099991112],[80.01284100020996,39.553850999717014],[80.02867900023485,39.71145000046394],[80.02104600000108,39.9222490003634],[80.1276639998523,39.932289000003365],[80.25712299970326,39.97947300029756],[80.53213400019541,40.18336000029496],[80.78001967939643,40.29558969306706],[80.72688299977337,40.24060099988002],[80.77368199974124,40.20088599997875],[80.77623699947759,40.149509000018924],[80.82820899987637,40.09043099967196],[80.82001392242664,40.019420151842674],[80.80414599999426,40.002894999843946],[80.85043503021116,39.96234781084021],[80.86205449508776,39.918056324627685],[80.84948699948617,39.84674500022388],[80.88420273916802,39.77907336251039],[80.86866000041387,39.75959799999143],[80.87918899989504,39.691570000366404],[80.92265314396344,39.62807587980113],[80.86074099949884,39.425995000201546],[80.90801018750209,39.35193987949602],[80.88407396824448,39.31493347718938],[80.90313674264092,39.2711494955814],[80.8850399998649,39.18544400009084],[80.90591941145095,39.110111954747005],[80.89844366673114,39.054686444918],[80.86583699989795,38.97626900023933],[80.86953700009076,38.90655100013079],[80.8259660003419,38.87848999980943],[80.81443299882609,38.840249393805344],[80.83731323142128,38.79478965863935],[80.9261779997209,38.76227200033676],[80.94116821894399,38.742213996216186],[80.93638613863808,38.623320454814866],[80.90914900024391,38.584418999869335],[80.91854899940645,38.54012700011435],[80.85876328892384,38.45027044850126],[80.8456800874365,38.385464298264736],[80.77285047940673,38.3138451824596],[80.71029376258245,38.30855831368534],[80.59600800035459,38.22588299978576],[80.57743100046174,38.162993999759024],[80.59462483404788,38.13793409539627],[80.58796213720647,38.12238798246741],[80.51376152424018,38.051431056630996],[80.43612892742226,38.03719827292119],[80.43543217285578,38.012601025439764],[80.4116077665135,38.01747822796112],[80.42663705651469,37.99734197507012],[80.37660161653612,37.93562419612558],[80.35951719121431,37.93949381447624],[80.30116300030609,37.89621700018763],[80.3023610002829,37.86855299974021],[80.27960637053853,37.855068990405094],[80.29755638446653,37.83832201682399],[80.28211318247591,37.83685251550941],[80.24069520020495,37.790429513524025],[80.18308022411473,37.76903018909792],[80.18765153352572,37.74232119634636],[80.15881435307816,37.71018193146752],[80.09228500015632,37.676498000299226],[80.0828161636322,37.65634129265896],[80.08992511235589,37.62897484812254],[80.09996799967118,37.66929599993609],[80.1655446407239,37.70229928382743],[80.18182477665762,37.73466729857532],[80.19777406403149,37.73521122317897],[80.1968386533001,37.759737281990425],[80.27017999975907,37.79626799974648],[80.28418699974677,37.82826599951649],[80.31973999975553,37.828754000315165],[80.29203685030994,37.85275218462442],[80.31423371030989,37.86705607157479],[80.31036515767667,37.89328371231646],[80.38606999983284,37.93121299954057],[80.43518099995292,37.992465999715904],[80.43250435760655,38.00879528641761],[80.44997399965719,38.00591999962426],[80.4455282807532,38.027094079155006],[80.53317300057044,38.049705999943946],[80.6038065280717,38.124465426780326],[80.61069705623682,38.22124984983667],[80.68830739412904,38.26046038709811],[80.70871907946899,38.28638585529277],[80.79732235941786,38.305956189590205],[80.80940646109518,38.33954923527189],[80.93977542526164,38.42001597189861],[80.93145237390003,38.49577284354254],[80.96232622021905,38.571659015785116],[80.94359265733327,38.59178429172984],[80.96000699982146,38.75111399958161],[80.86199102591281,38.8367968887136],[80.86465873191938,38.87254919519051],[80.89686934341339,38.91009160749429],[80.9013100727509,39.022615638738706],[80.92639899990316,39.0543099997472],[80.931342999807,39.09917099990276],[80.90899699959418,39.138546000312076],[80.92335499979268,39.183711999522515],[80.91064073063866,39.20307466103627],[80.92312600011257,39.240413999704835],[80.90914538004083,39.32305403318117],[80.92717686588915,39.3604973856412],[80.89625500045358,39.44253499987535],[80.94353698562063,39.60879284871805],[80.93777499971318,39.66028600031083],[80.9103795871516,39.67371245025055],[80.89067012398104,39.75401747389247],[80.90253399993179,39.77748899977622],[80.87681419639813,39.84806229030142],[80.87599174226155,39.89928015707816],[80.88404575891205,39.92017790931316],[80.94007389430266,39.94031234012472],[80.92494339332443,40.01791079603661],[80.96356069986902,40.06502408826403],[80.95289270413357,40.08517987514416],[80.96720100002081,40.117103999735946],[80.93318549361132,40.07563921559205],[80.95426416931008,40.06763412470455],[80.91664100051,40.023627999866235],[80.91792501743087,39.95409102396784],[80.88276760235918,39.92629824098379],[80.87173500027139,39.96647300044809],[80.8385929203792,39.988840177548006],[80.861557000302,40.05733499970767],[80.84365799940447,40.11648200004312],[80.80954117554344,40.14686329862798],[80.79359393368806,40.24495846965846],[80.8094329996579,40.2626720003231],[80.78743574464558,40.248620930244776],[80.77906000032259,40.25740799969673],[80.79852650562005,40.30259824865067],[80.96133099986133,40.36991199956507],[81.11112099999123,40.41649000038742],[81.25586200039015,40.43572499993089],[81.31724000008873,40.46408399961359],[81.35802199979422,40.50815799975832],[81.3625490003321,40.56339599991043],[81.3832207269413,40.58508755614881],[81.36336500035661,40.60159300037993],[81.41928330278547,40.61008795080424],[81.4252542162187,40.67116457629929],[81.59693899998264,40.72609299963998],[81.64239500006201,40.70684100029857],[81.72974086973788,40.72294835204897],[81.7772377215343,40.7093595056888],[81.85544622411477,40.78295544500615],[81.92036841841367,40.7966191812279],[81.92722300026112,40.82281100040707],[82.00131478709163,40.819481598093],[82.08438995473234,40.857586722777775],[82.17451254717399,40.854025778831414],[82.20648199973057,40.888698999567154],[82.27159188468345,40.88590049861597],[82.2672856591613,40.919637272853464],[82.3232578430373,40.91238566641929],[82.39811516519435,40.94522602166734],[82.43329566165144,40.94014464740813],[82.45191712073347,40.96737797004263],[82.50277796718164,40.977287717824545],[82.54096999941314,40.94929500023123],[82.57157414623875,41.003379942929314],[82.6001739999385,40.99883999988816],[82.66455128904495,41.02393562715527],[82.69313763917289,41.002295060792456],[82.71132330387898,41.009899265572024],[82.7022020003451,41.03395800030154],[82.74091299981549,41.01570500038766],[82.75418100041986,41.028827999885024],[82.78584591168541,41.00286182225899],[82.80447334901085,40.95941356066272],[82.82236499964372,40.957603000074904],[82.8191443376722,40.98644278965793],[82.8567729997467,40.98305099999737],[82.87233700013927,40.94649500008136],[82.95144114317402,40.918518913592216],[82.94717396556383,40.93019801556949],[82.97245593718249,40.928333745784784],[82.97757699994814,40.90698199960231],[83.00855282580955,40.90140704162805],[83.0264743712775,40.93800975336226],[83.09069099998258,40.91049199995902],[83.0868606645564,40.92088555153873],[83.13618518408613,40.93649898663013],[83.15842280067424,40.97427188266188],[83.16828452588477,40.94775895301527],[83.1954678571847,40.943013975838824],[83.21764863477028,40.96182049699015],[83.22072405474324,40.93190996833841],[83.2397470835649,40.932993273879724],[83.24976300015472,40.95872499987061],[83.2563897714498,40.92570093221813],[83.3015140005921,40.95975099978708],[83.28934002548972,40.98433065280133],[83.31350498052352,40.97766443557526],[83.33997300015508,40.993450000243044],[83.38418946017616,40.96825033534941],[83.42253100021846,41.00147199972693],[83.44814001609925,40.98340970325584],[83.51750899956514,40.99937399981351],[83.55671083366084,40.9754104116287],[83.58512787909068,40.987029630767296],[83.58465296422817,41.00281611744496],[83.61164965002766,40.9821297136992],[83.65065860782752,40.99730344757506],[83.65128299954226,40.98067899981019],[83.68054853782486,41.001581632477624],[83.70248400013884,40.99137099977807],[83.71526938604323,41.01454136257956],[83.7413329994125,40.99450300014583],[83.75285300022013,41.0212750003654],[83.77148627794647,41.006469771924436],[83.75901342530756,40.98341630971841],[83.82493873154944,40.976705600932995],[83.84014900023442,40.95636399979691],[84.04453300023556,40.96420400041173],[84.10136200051889,40.97976099984196],[84.1819439999808,41.03645600028571],[84.2470639998954,41.039154999741285],[84.29290400011132,41.019713999698446],[84.34160700048253,41.043152999971205],[84.40461099981685,41.044178000129044],[84.47964599969481,41.018015999818765],[84.5345810004127,41.03493900028934],[84.56695599936525,41.07434200025469],[84.61802899990496,41.10239499995823],[84.80780900036329,41.12549699968781],[84.8729239998707,41.123019999674014],[85.13392199984048,41.00136500013998],[85.23749799997181,41.023445999737305],[85.289834999863,41.01933000010411],[85.40996700013977,41.088644999636784],[85.56372000029519,41.09669199969621],[85.58810700046496,41.12799299967708],[85.68160600051294,41.10052700011],[85.71914299950619,41.14264299999733],[85.75928700023506,41.14650899994697],[85.78787900037678,41.12676399969625],[85.82619899960977,41.13700799965995],[85.85651399969697,41.171703000144475],[85.95682500034384,41.19612500030634],[86.0318990001603,41.15848900029027],[86.07405900029207,41.16244899995128],[86.08804299932582,41.18029400023942],[86.12808199958347,41.16954799988473],[86.18615000000737,41.19659000043542],[86.2533260000283,41.172610999610534],[86.30114800022238,41.16866299964107],[86.32569100007936,41.18397099959107],[86.34823599982128,41.151156999779886],[86.3398739996331,41.12251299988185],[86.37685399962585,41.11164899967901],[86.39323400032492,41.087025000400835],[86.46889500008474,41.077290000042076],[86.50839199941741,41.089699000240884],[86.60523200032749,41.05903600031096],[86.66850999992552,41.010737999972015],[86.71905500019807,40.94502299975408],[86.82593500037628,40.87893700025648],[86.87554199999971,40.869499000215185],[87.00009200020055,40.78761699961128],[87.01380900050682,40.80042999981664],[87.03978000008732,40.77201499963742],[87.23197199962806,40.70143499986599],[87.3191600001869,40.64008300018107],[87.3568950005694,40.588477999740164],[87.4170299998114,40.587630999549916],[87.45137199985757,40.56455199999057],[87.5264359998098,40.563882000290455],[87.81222700048612,40.43251799982135],[88.121334999448,40.197461999980995],[88.2081410000007,40.14564299967188],[88.38312499988412,40.086212999561084],[88.54324200038373,40.07174300032348],[88.85184600005803,40.11739600033465],[89.01143200024963,40.11809900043039],[89.2805479997894,40.07555399984011],[90.2374180003241,40.003260000348995],[90.7992940001717,40.00757000018779],[91.00662499999738,40.0237620000612],[91.67469299968687,40.16807200027556],[91.9130809999208,40.19436799970616],[91.87735799977267,40.061773000167975],[91.8909640002299,40.02204600016102],[91.87420700026948,39.95545500044952],[91.78356100004402,39.814840000115936],[91.75780699999633,39.7377860004027],[91.75822400029985,39.65595399970281],[91.86169499958702,39.34266299968177],[91.8590359997076,39.30333499963985],[91.8995409995855,39.1620790002477],[91.90056400022712,39.065389000391406],[91.91328299994157,39.02938699957284],[92.00752999986032,38.945136999896945],[91.88474199977588,38.90512099978453],[91.86325899986224,38.882778000403846],[91.78725399983603,38.86743200034313],[91.69114700012214,38.87113199999067],[91.4359889995651,38.8156470002898],[91.29625700054592,38.75331899993555],[91.24155500047398,38.754109000104016],[91.11454800040623,38.713237999901686],[90.76587699966119,38.66361300021329],[90.62044600015881,38.673485000170636],[90.63795500015611,38.64031600032596],[90.60491199960249,38.619846999867754],[90.60453799956314,38.60058900016676],[90.53894799963213,38.587124000165126],[90.50872000004065,38.56140099990162],[90.45548999984267,38.55612199965612],[90.46563699980493,38.52696599972419],[90.4198840003309,38.495906999959026],[90.14214299959941,38.42344299985893],[90.151191999745,38.386725999642174],[90.24623799980972,38.29575400013894],[90.34191899957446,38.11810700028692],[90.48184199971635,37.95569200034081],[90.40428899998818,37.88577700013477],[90.41324600039242,37.83528499970697],[90.4460979997243,37.80723199985534],[90.42376700012973,37.7800140003827],[90.48980700025776,37.771565000028666],[90.51976000000052,37.73105999964957],[90.61135099975455,37.702354000379636],[90.66147599987251,37.7040900000094],[90.78543099948322,37.643222000124716],[90.8741219995852,37.57989499951681],[90.85895499985658,37.537284999957414],[90.92230199962236,37.50770199984746],[90.93726300027839,37.48040399984835],[91.0021899997023,37.49572000037068],[91.08577699979907,37.46975299969858],[91.12899000049381,37.3410340001451],[91.18092300035372,37.27703100019852],[91.18550900017348,37.212921000258696],[91.27313999968457,37.16166300034072],[91.29945400017324,37.07487099958707],[91.28933699981488,37.04726000013048],[91.31114899962098,37.023433999844286],[91.21389800036752,37.01479700023098],[91.17138700023752,37.028050000125056],[91.12802099967769,37.009655000011044],[91.10787200043667,36.97273999984491],[91.04910300051228,36.97062299981658],[91.03546100037039,36.93882000033064],[91.0111930003439,36.925670999827055],[90.8504099998812,36.92021900036839],[90.77933500021176,36.848343000114994],[90.72599000019667,36.82643500015142],[90.7162170002519,36.78273800005812],[90.74768799993295,36.72845799980754],[90.70461200041107,36.685845000208886],[90.73373399988603,36.64528699979336],[90.71778100045668,36.61134699966674],[90.73018599956214,36.59137700023559],[90.8109439998615,36.58711999972809],[90.80907499962538,36.56967500003377],[90.82856699992914,36.5614889997613],[90.89807899991567,36.56341899973855],[91.03237300014044,36.535098000239465],[91.13976199970267,36.54031499954051],[91.16203500002317,36.52808000031914],[91.16267200037373,36.46706099964396],[91.14011199948433,36.43568100013947],[91.09556300018981,36.41217299963906],[90.74063100023926,36.30427399990963],[90.59469799990707,36.224015999912396],[90.46343699991358,36.08530100029087],[90.30796200010035,35.95406300013925],[90.03185000031199,35.79079900018806],[89.96198000042963,35.7154489997095],[89.91431799972953,35.59088700009871],[89.82895199993642,35.47319200022688],[89.81573499968634,35.40892899975937],[89.28617799993405,35.43096900007126],[89.16961600016644,35.45957300034157],[88.8042439997079,35.4692869995291],[88.7102159999721,35.49725800005245],[88.54701800046577,35.59274600011848],[88.30465099953953,35.69704900009191],[88.11729799987917,35.730784999909986],[88.0506279998846,35.729626000415465],[87.88536200013242,35.66453699989354],[87.7398050003384,35.64770200005133],[87.49612200021592,35.579343999974405],[87.26846099951433,35.58616300018267],[87.03209800022618,35.57115200019199],[86.95329000050437,35.57366099994878],[86.84970299977094,35.617353999615005],[86.75496500008823,35.63534400013192],[86.6130219998951,35.63581400009061],[86.51282699983567,35.66642399991701],[86.42864399956943,35.66999899984204],[86.16091500000061,35.758677999925524],[85.90824099990604,35.78880699987429],[85.80736599950377,35.78165800008189],[85.6971670000329,35.75167499957996],[85.63024899950416,35.7032970001467],[85.61204500050593,35.65629599974477],[85.57868900051442,35.643073999876556],[85.51887600032057,35.66514200020476],[85.51027700009246,35.6831660002579],[85.53746799972458,35.6936260002184],[85.52408599991855,35.711620000110926],[85.38488700035116,35.72740200033992],[85.26630399948688,35.780487000243006],[85.21363799989682,35.780052000333455],[85.21614099950058,35.76062400024229],[85.15073399947964,35.74494900002983],[85.03217299969712,35.74702500016915],[84.96864300023063,35.7045059996467],[84.86613499952794,35.67547200022508],[84.83635699967815,35.640122000257385],[84.74067000028498,35.61380699989549],[84.69868499999517,35.618777999809424],[84.45112600015808,35.548351000366864],[84.45532999965785,35.523009999908126],[84.47431900041109,35.51504499971758],[84.44983599995253,35.47876000012427],[84.33398400035118,35.414981000461445],[84.22441100035348,35.388278999948604],[84.16937300005333,35.358058999998434],[84.13024199960714,35.37570200028722],[84.09380300034918,35.364540000398314],[84.05047599988573,35.41275399970365],[83.99069200010406,35.4221570003417],[83.90344999973426,35.404282000256146],[83.83761699967904,35.43581800034841],[83.74006399981776,35.43843099966021],[83.6521640004592,35.49572599978832],[83.54600900045293,35.60032400019791],[83.48834700050728,35.63338599983749],[83.40718299951963,35.65260500022411],[83.21902800021662,35.64101900042632],[83.10160800013018,35.66101400010484],[82.99631699953784,35.65191899984587],[82.87785299978229,35.68922399998546],[82.79342600056816,35.6886669998042],[82.72863799956058,35.63856499991571],[82.62599100042524,35.69311200021217],[82.54351799967668,35.70933899966905],[82.51116199956383,35.69854399977839],[82.4477989997805,35.7186210001632],[82.41235300018693,35.708251999873475],[82.38997700047344,35.65667300013818],[82.33316799992734,35.65196600038647],[82.34735900013466,35.61168299999149],[82.31691700027989,35.55411200011138],[82.26074999963359,35.548687000302806],[82.23165900013801,35.52110699995106],[82.19234500040267,35.51890900022058],[82.18348699984219,35.49459500007088],[82.15677700036305,35.50136599984254],[82.04200700017614,35.44932600041909],[82.04539500015062,35.36343000013178],[82.01341299984719,35.328678000194515],[81.93721799999011,35.325752000014376],[81.92327900019667,35.31719600030186],[81.93853800004047,35.30124700025054],[81.86074099963696,35.26114599964946],[81.80094899997037,35.276798999690385],[81.67232500029105,35.23462300043195],[81.55296299952037,35.24486900014912],[81.43631000003882,35.35905099963242],[81.38475100013098,35.33838300005538],[81.32051899991025,35.36017600033198],[81.2168960002015,35.320083999700145],[81.18914100003279,35.370631999862134],[81.13959499971668,35.36592499968844],[81.10132599957893,35.389290000159306],[81.09561099968919,35.41075499961927],[81.02658800026045,35.38238899996966],[81.04818700044775,35.33661299971452],[81.03871899985292,35.31861899997959],[80.96151000029698,35.312107000293004],[80.84227000004951,35.34642400013874],[80.68712599978741,35.33996999987343],[80.68845400001359,35.367717999745636],[80.66283399976342,35.37212799975769],[80.65464700037428,35.39835000003559],[80.5979769999209,35.41072899960583],[80.54946900030326,35.39823900029326],[80.53743799970567,35.408351999810236],[80.55066699992776,35.42942500039328],[80.53040300021146,35.45428900012851],[80.47797400019799,35.46324900001112],[80.42350000045916,35.44213099986625],[80.36807200015332,35.38453700004672],[80.29357099988091,35.36070599969556],[80.27054600016892,35.30182999999674],[80.29506699960577,35.265854000285785],[80.2265239998301,35.20427299998778],[80.20503300005649,35.153206000258585],[80.13758800027486,35.09754899972878],[80.04341899984257,35.05069700004591],[79.99202000007048,34.86211000009074],[79.88532199958634,34.8515360000288],[79.86662299991168,34.749564999899484],[79.9191050000953,34.70097800003468],[79.86123600042146,34.66691199979003],[79.88523899999066,34.62961600021104],[79.84168199975605,34.559173999629806],[79.85960399999934,34.53756299972331],[79.78456199997308,34.48128899999465],[79.69775400016984,34.47971299972071],[79.64623999982037,34.45302600011333],[79.56834399976893,34.45891199965759],[79.54322900032473,34.478232999968064],[79.51237499990108,34.44925299984744],[79.3587110004277,34.433802999773825],[79.33132200048493,34.44637299985757],[79.2666249997217,34.440727000289606],[79.22739400037112,34.41580199971859],[79.15107699989407,34.44417200035122],[79.07736199982672,34.41546599964495],[79.03726200026689,34.3362660000174],[78.97245800028641,34.36363300004665],[78.95650500002556,34.39061000033099],[78.89139499968591,34.35865399975913],[78.85682699981525,34.4138300001926],[78.74082200015525,34.45631800013531],[78.75650799990105,34.4833789997109],[78.69120800026327,34.530860999922055],[78.60763499994088,34.537757999750106],[78.5805130003977,34.50797299987048],[78.56128699954036,34.51494999991954],[78.56111099991165,34.551497999703024],[78.54040500019053,34.576552999809394],[78.49822200002005,34.58108900029928]],[[90.18678999970093,35.96927299994221],[90.1536454632113,35.98752441569413],[90.1550599996467,36.010746000235464],[90.08853257837795,36.01456386360143],[90.0499109996008,35.99035299999152],[90.06993099976161,35.97699000009375],[90.18678999970093,35.96927299994221]]],[[[80.78577660920551,38.313142278349176],[80.78672237052193,38.30900418702577],[80.7764768708812,38.307917127457024],[80.78577660920551,38.313142278349176]]],[[[80.91713174440716,38.43134135426576],[80.86979496483393,38.400394567344726],[80.93035894893616,38.522529001401274],[80.91950200009789,38.49370199970283],[80.91713174440716,38.43134135426576]]],[[[80.94470561338213,38.55802455740459],[80.93035894893616,38.522529001401274],[80.93442759128727,38.587962237489194],[80.94470561338213,38.55802455740459]]],[[[80.8768004924571,38.79950187448457],[80.87654147534886,38.80498712600994],[80.87907399990593,38.798691000307116],[80.8768004924571,38.79950187448457]]],[[[80.87295396373109,38.80526086064624],[80.86612039359242,38.80650634120369],[80.8635553293291,38.812832125537305],[80.87295396373109,38.80526086064624]]],[[[80.85846140448857,38.813220055561345],[80.85669818863747,38.82069104839044],[80.8635553293291,38.812832125537305],[80.85846140448857,38.813220055561345]]],[[[80.85189414872477,38.83941102080438],[80.84339905707739,38.83697445648578],[80.84866999020447,38.84460302134635],[80.85189414872477,38.83941102080438]]],[[[80.85708099309068,38.875608358698],[80.8578154213553,38.867351468861486],[80.8508769439365,38.86911596591794],[80.85708099309068,38.875608358698]]],[[[80.85862336685936,38.881114057876054],[80.85708099309068,38.875608358698],[80.8575615108284,38.8813894207262],[80.85862336685936,38.881114057876054]]],[[[80.8624239366058,39.85225743830771],[80.86906400013096,39.83023099973745],[80.87805222233108,39.80415275083724],[80.86623392553692,39.81905276785645],[80.8624239366058,39.85225743830771]]]]},"properties":{"pref":"Hetian","province":"Xinjiang","dynasty":"清朝","year":1820,"popdens":0.0538,"popdens_max":0.1307}},{"type":"Feature","geometry":{"type":"Polygon","coordinates":[[[83.50010099947049,42.44125700028736],[83.4578700002454,42.47936200049156],[83.29744100046643,42.52627899982982],[83.22462799972722,42.62925100032572],[83.1578310003043,42.63803299967899],[83.0941360001331,42.61987800026425],[82.98235499965102,42.522998000259754],[82.80738900010559,42.471968000168474],[82.77949399992772,42.54575200035907],[82.72445699996318,42.59468199980733],[82.70184200000728,42.72904199989708],[82.551960000385,42.797320000172526],[82.56042900045664,42.848980000144806],[82.77937599970902,42.9000420001738],[82.91922299994381,42.97043100004976],[83.17573899947202,42.97374399990484],[83.35290800015748,43.00102900002837],[83.45100700057617,43.104299999798],[83.51845099993973,43.12673199986305],[83.75375600001172,43.06803600021687],[84.18604100041242,43.12431099978803],[84.22630900014924,43.15095300043072],[84.26830200005863,43.271823999796126],[84.42586200026082,43.317635999943704],[84.47599899986648,43.36205800029131],[84.5783779996818,43.39918499953525],[84.66146100012998,43.39827000020014],[84.86030700038702,43.35540299993377],[84.89799200020654,43.38183400010812],[84.91047199991621,43.49167599953828],[84.95365600046274,43.51406199973392],[85.02780400010155,43.515230999796074],[85.15967799979698,43.48845499980001],[85.31833499956494,43.52173500028536],[85.51448600020191,43.407926999644665],[85.59400099970928,43.392848999902085],[85.73377599972807,43.48657399983439],[85.83968000007766,43.50670600001075],[85.96264600030568,43.494846000405765],[86.09718499960422,43.40834799953197],[86.1676560001189,43.39980100025147],[86.30558099995888,43.441106999700764],[86.50935000007222,43.390382000366834],[86.56795900008625,43.33917999991692],[86.62170700015497,43.20939999970026],[86.6901830004801,43.17357100006987],[86.84098800012603,43.130552999880145],[86.96834499972017,43.06112699983849],[87.04985899981732,43.04259900020477],[87.15443600045172,43.04791800018309],[87.34866400039057,43.14650900006143],[87.41859999995236,43.13711799969279],[87.46776899965522,43.09699499947756],[87.48543699964684,43.006352999747904],[87.47881899995598,42.959387999855714],[87.51031999984617,42.890702999938654],[87.5949760002391,42.79966399970162],[87.61244099985896,42.74950400012669],[87.69082400014632,42.660891999966424],[87.85215500023803,42.54848199964864],[88.30634899984318,42.42687499989935],[88.36717799981128,42.42847499963329],[88.39743699989353,42.460745000124945],[88.41760300011474,42.581194999992846],[88.48810499980684,42.65198700006316],[88.6230389997247,42.66104399979132],[88.69343799984051,42.63273699972514],[88.74554800020717,42.57382999965562],[88.77653999993957,42.48675399986736],[88.75349799971852,42.22036199957143],[88.71297900041172,42.0516340001844],[88.63055999994428,41.945754999873934],[88.49237199974569,41.883056999751766],[88.42866100032141,41.84352100017012],[88.39790400002994,41.8023539997161],[88.39426400000553,41.76211200008706],[88.45679300030366,41.69168699980303],[88.46340199986027,41.63298699980266],[88.42232400018567,41.542977000478515],[88.35287599983825,41.46781699966009],[88.19190900031117,41.36556099975629],[88.1585190000972,41.28861699980243],[88.15756100030141,41.207926000468525],[88.19062400016894,41.14358799987176],[88.25408800060526,41.089006999778945],[88.75531100046561,40.90680700015235],[88.82263699957987,40.86958499991453],[88.85671099973658,40.82514899956871],[88.83266699971874,40.69867100002376],[88.77396900031042,40.639068000140824],[88.75755100017967,40.559277999959896],[88.7528560004174,40.324339999705685],[88.83315599959938,40.185673999638844],[88.89969900006516,40.11954400009271],[88.54324200038373,40.07174300032348],[88.45659000002908,40.074575999804885],[88.2081410000007,40.14564299967188],[87.81222700048612,40.43251799982135],[87.5264359998098,40.563882000290455],[87.45137199985757,40.56455199999057],[87.4170299998114,40.587630999549916],[87.3568950005694,40.588477999740164],[87.3191600001869,40.64008300018107],[87.23197199962806,40.70143499986599],[87.03978000008732,40.77201499963742],[87.01380900050682,40.80042999981664],[87.00009200020055,40.78761699961128],[86.87554199999971,40.869499000215185],[86.76409099961903,40.913055000036564],[86.60523200032749,41.05903600031096],[86.50839199941741,41.089699000240884],[86.45995300037586,41.07719799988998],[86.39022799947169,41.088496999927116],[86.37685399962585,41.11164899967901],[86.3398739996331,41.12251299988185],[86.34823599982128,41.151156999779886],[86.32569100007936,41.18397099959107],[86.30114800022238,41.16866299964107],[86.2533260000283,41.172610999610534],[86.18615000000737,41.19659000043542],[86.12808199958347,41.16954799988473],[86.08804299932582,41.18029400023942],[86.07405900029207,41.16244899995128],[86.0318990001603,41.15848900029027],[85.95682500034384,41.19612500030634],[85.85651399969697,41.171703000144475],[85.82619899960977,41.13700799965995],[85.78787900037678,41.12676399969625],[85.75928700023506,41.14650899994697],[85.71914299950619,41.14264299999733],[85.68160600051294,41.10052700011],[85.58810700046496,41.12799299967708],[85.56372000029519,41.09669199969621],[85.40996700013977,41.088644999636784],[85.289834999863,41.01933000010411],[85.23749799997181,41.023445999737305],[85.13392199984048,41.00136500013998],[84.8729239998707,41.123019999674014],[84.80780900036329,41.12549699968781],[84.61802899990496,41.10239499995823],[84.56695599936525,41.07434200025469],[84.5345810004127,41.03493900028934],[84.47964599969481,41.018015999818765],[84.40461099981685,41.044178000129044],[84.34160700048253,41.043152999971205],[84.29290400011132,41.019713999698446],[84.2470639998954,41.039154999741285],[84.1819439999808,41.03645600028571],[84.14375500039434,41.00969100035317],[84.11857299970409,41.11845299996024],[84.08071800012534,41.158933000314285],[84.04912100015804,41.22843500040157],[84.01939500030852,41.44779599970273],[83.92264599956889,41.56685500029212],[83.90842299986231,41.62733900001942],[83.93970299946584,41.75254200015343],[84.01232500004784,41.82158400007171],[84.00926400069545,42.04777099974591],[83.99226099978281,42.128497999873645],[83.9421219995317,42.21386999996692],[83.87655199996574,42.28136599969187],[83.69954700011372,42.41188199961916],[83.50010099947049,42.44125700028736]],[[87.25906676094282,41.88071834807383],[87.2795259996796,41.86840400023334],[87.29148900012467,41.88647099977558],[87.31469915551578,41.880981647442866],[87.28855899970627,41.87068599951426],[87.41137700019677,41.82512299991068],[87.44329107241285,41.83177006726803],[87.41218600045637,41.87546200008169],[87.36939264071921,41.8987990603186],[87.3939669999242,41.906235000411094],[87.38901299668018,41.922967779620144],[87.35215062621083,41.92255912136709],[87.33202253750854,42.02519763231167],[87.12412999972159,42.06095099981108],[87.07783499984399,42.05173500008936],[86.93691255533933,42.11146761062681],[86.85912299960349,42.1279180001199],[86.86109178694491,42.11263885359372],[86.8360947395455,42.10938051565738],[86.8165660002165,42.14040800029821],[86.7936169996546,42.12071600030389],[86.81315155984261,42.105741618330306],[86.78868765585801,42.09503861707433],[86.82292647949394,42.088594187270594],[86.82277699966305,42.05179599964128],[86.86846672525155,42.00380992018092],[86.83078468573711,41.984054430687216],[86.7765376088372,41.98651874976559],[86.73940239145676,41.94880306016348],[86.73267760781944,41.91169525646685],[86.70613099976644,41.89616400004449],[86.74431600036789,41.828082999637786],[86.76612254645981,41.82405755367804],[86.84407858475716,41.86802498229569],[87.11520400002604,41.924175000029486],[87.15144300020991,41.92207000010472],[87.1736176994272,41.9001919195524],[87.17845539570749,41.922893467360126],[87.21216457179206,41.87495183097935],[87.24487892327778,41.88858932409673],[87.25842299947058,41.867592000304185],[87.25906676094282,41.88071834807383]]]},"properties":{"pref":"Kalasha'er","province":"Xinjiang","dynasty":"清朝","year":1820,"popdens":0.2101,"popdens_max":0.5106}},{"type":"Feature","geometry":{"type":"Polygon","coordinates":[[[82.13161500024096,44.142036000286126],[82.03067999946616,44.19013899995547],[82.01981099993026,44.255169999532804],[81.95879599992938,44.32174300005514],[81.93226199995784,44.38205400027752],[81.94489300016392,44.5058930003806],[81.97488599999626,44.56478399978732],[82.22391199973497,44.69394599976713],[82.35294999980947,44.70438600005041],[82.47962199967262,44.67693299953499],[82.49875599993165,44.69121499958122],[82.53402699953085,44.68187699980534],[82.53991700029789,44.710800000428996],[82.61003100052625,44.73072800011159],[82.60636100040986,44.74382800031623],[82.65994999966567,44.771812000112995],[82.74281430280419,44.85533014820964],[82.88064237413616,44.829607116857645],[83.01970508048512,44.738873448551665],[83.08387438603563,44.74882326047503],[83.13204938365344,44.782043996017265],[83.16230257434988,44.84002654883834],[83.19327500030744,44.85042200048523],[83.16141500006613,44.89525600011284],[83.04478445699078,44.95988464818014],[82.9079136041815,45.00979663100823],[82.82757599997298,45.05920800030026],[82.81077136581858,45.086799418493484],[82.66820301396645,45.14123894270795],[82.63651300056196,45.12937900008688],[82.62139499991179,45.18147399973331],[82.67916300033461,45.205994999846936],[82.75556899975945,45.20203699963562],[82.8608390000345,45.16669600022339],[83.05204400026378,45.064136999825664],[83.22347200043788,45.003944000111645],[83.43581000023464,44.988492000395674],[83.59151200028438,45.0604240000267],[83.66179100022873,45.12556600005056],[83.99427999997033,45.27972399995958],[84.16404199961951,45.33277699998897],[84.20601100045262,45.361754999854774],[84.50127500075376,45.43361399976406],[84.58848400017416,45.47101000000954],[84.62170700036096,45.520179999870294],[84.64647799979156,45.41120900025475],[84.6109829992676,45.141560000210724],[84.6351489993555,45.09180300022516],[84.78404999978424,44.96634999985319],[84.88445999984066,44.82785199985863],[85.12489799996112,44.55900100031029],[85.12665899981627,44.51849600028859],[85.06614100053334,44.30357799969545],[85.06385200038332,44.23392500036187],[85.04030800033769,44.18257799988288],[84.87489300036746,44.07927299987756],[84.83901399935726,44.02356400009157],[84.82579199968065,43.88667200006987],[84.84031699973927,43.74270700016212],[84.76925099968959,43.62825699975999],[83.91948000031047,43.907076999946476],[83.42588600016788,44.0113330002159],[83.19237699952193,44.08060700003162],[83.08021999959729,44.07574899965482],[83.03364500030415,44.039613999703576],[82.97147400013074,44.0213590002032],[82.90295300004928,44.027746999971306],[82.77792599977032,44.08315799978478],[82.6655260003753,44.102572000405615],[82.59408699983885,44.08177300015805],[82.5098660003501,44.08777199967676],[82.33143499992873,44.13316700037369],[82.13161500024096,44.142036000286126]]]},"properties":{"pref":"Kalawusu","province":"Xinjiang","dynasty":"清朝","year":1820,"popdens":0.0056,"popdens_max":0.0135}},{"type":"Feature","geometry":{"type":"MultiPolygon","coordinates":[[[[71.83552358562136,36.68427418571613],[71.71886297473462,36.67535649562135],[71.69101674449949,36.70153026523781],[71.71496888615525,36.764679790969545],[71.80524600003632,36.895015000017175],[71.79557581863136,37.029975033099674],[71.8335915935007,37.0850372185622],[71.9746042626979,37.18715037018649],[72.02503358844082,37.247973841788586],[72.06673200046076,37.32464799983936],[72.05041805171143,37.46314412840791],[72.19062799982973,37.59998999961274],[72.19879136092895,37.65307025863742],[72.14633099957823,37.9501410001278],[72.05936000027735,38.046441000293775],[71.95314991784544,38.129437552438304],[71.90938936048195,38.19043055274968],[71.90355099974809,38.23407000006427],[71.9291144444254,38.277258386112116],[71.9685256804512,38.29394535978006],[72.13496376354244,38.300802452254395],[72.19574078942043,38.332387198388616],[72.28132330627005,38.553072273027176],[72.26881651973208,38.70351951018909],[72.22996599964351,38.774162999814784],[72.0661362800669,38.83450630421517],[72.00938600021583,38.91988509971071],[72.06996518664378,39.18237270084753],[72.12195364226123,39.25665472563831],[72.20295837868639,39.2973024651892],[72.31520663008683,39.32040451261351],[72.65792299973234,39.34367699960883],[72.75431414955997,39.38024599485774],[72.79761560129576,39.50451828688928],[72.87456437129246,39.627638289849614],[72.9385750716544,39.69842978292196],[73.07857200002223,39.808150999611904],[73.12748900040991,39.86330300013903],[73.14454999974292,39.92458199955809],[73.0600086851298,40.211483916965015],[73.00013137229527,40.28711733169636],[72.87601844267269,40.387485209366545],[72.89237320077824,40.435798625459164],[73.11583363286239,40.572628736608884],[73.15412167285805,40.63670348320245],[73.17182379941443,40.72148856875891],[73.24686300004338,40.797297000418496],[73.34298320619338,40.834377043331806],[73.65582199986692,40.84343899952332],[73.83466400032468,40.937197999731005],[73.88992312659651,40.99611389573743],[73.87880301248018,41.1116243124838],[73.84811099953704,41.16004900005345],[73.763759976314,41.202776612307964],[73.72808800054852,41.25563500001338],[73.69193651582718,41.27560269903029],[73.54395685138199,41.26175324426704],[73.49798557927849,41.29382036874157],[73.45880399973794,41.38875599975296],[73.38346360181373,41.42191204625062],[73.3959489998609,41.45878599991559],[73.46918051533181,41.50193676357333],[73.56814200037316,41.545166000153834],[73.65947579869926,41.555569139528195],[73.78925792799387,41.54327699918779],[73.92598000005415,41.51481199970388],[73.93569900037413,41.48448899995279],[74.02385699967404,41.41973899990139],[74.09528400005577,41.40097400013525],[74.19007900020009,41.40020400046036],[74.2342679996614,41.36968199993848],[74.37685399947658,41.379635000027505],[74.37840300018436,41.40206100011642],[74.42267599949933,41.40920600019273],[74.47000899961286,41.443569000210836],[74.58350400029332,41.4320409999258],[74.61184700006972,41.42279399966676],[74.62357299990668,41.40042900009014],[74.74306499984505,41.43290700005387],[74.79972100008695,41.409058000322815],[75.11598999971505,41.422276000188866],[75.2333219994626,41.443928000016264],[75.36779000021407,41.391758000448036],[75.62667100021504,41.36588699976926],[75.67861199935143,41.334061000140714],[75.6903529997933,41.29054300002124],[75.73319999949041,41.236786000112915],[75.73728899944749,41.189877000143],[75.78269199998324,41.15987000008329],[75.79988899959564,41.07966200016964],[75.80137200036762,41.02039699982606],[75.77372200053911,40.96838799985326],[75.71762899989248,40.918908000247264],[75.68175500047478,40.85911000005515],[75.68993599981435,40.679318999792514],[75.63232200028327,40.64391699966349],[75.62380199977987,40.621383999540924],[75.63345300031743,40.529804000044614],[75.65066499949039,40.505360000254655],[75.72258000029008,40.472659999770286],[75.67913100028004,40.41603899983892],[75.66327699968394,40.36684399958387],[75.69660199978438,40.320065000340634],[75.69794400016886,40.28285599991783],[75.7324450004246,40.304969999948625],[75.78614800046037,40.29972499991323],[75.81957200013824,40.32531700009909],[75.90940099984044,40.287505999937665],[75.92810800002044,40.30066699960344],[75.9215780003505,40.3306580000821],[75.96476700052501,40.37827299981798],[76.03198999992993,40.34887299985985],[76.05032400048647,40.38846999986366],[76.12532000036761,40.39540900035173],[76.18063400017557,40.38275900041666],[76.26966099975748,40.439795999651416],[76.3206870005237,40.390910999831696],[76.3193740000047,40.35706300005855],[76.37841999987624,40.24746900006841],[76.41602500002382,40.24306400004429],[76.61662500038281,40.338956000038664],[76.73195999978199,40.35874999981826],[76.78427199997675,40.33388699981744],[76.93382399971738,40.21131999988941],[76.96486499951259,40.16721700024144],[76.96602500018096,40.12823900027294],[76.92729200051976,40.10199999974963],[76.72123400027955,40.07148899999461],[76.60203500013921,40.00995799967799],[76.54077299985043,39.96777399991819],[76.52999599975716,39.91493800032637],[76.56270600038069,39.87110099980196],[76.85880900022103,39.83003500045688],[77.27789999959981,39.85389699973634],[77.33307899949864,39.84280900001212],[77.32725299955177,39.800859000286536],[77.42080500001578,39.674176999785146],[77.44446399964868,39.60550700028746],[77.45194800007174,39.429392000377746],[77.39424599993976,39.33754400028284],[77.37189199987829,39.260875999858364],[77.10855099980641,38.94038100034506],[77.05012500027726,38.7705439999191],[77.00594899950656,38.56281499991891],[76.92034200004025,38.46891500043501],[76.8117830001255,38.40703300036145],[76.40964399991725,38.240912999875825],[76.34187999975093,38.23070400012488],[76.09118699991885,38.34906700000832],[75.9930790002921,38.34404900030091],[75.8913409998471,38.31530399965027],[75.71940399967843,38.218545000121495],[75.61151299943754,38.18898700012991],[75.5487810002658,38.19158400022029],[75.39755099953956,38.26712199986212],[75.35596599993227,38.30771300037044],[75.33334700010691,38.37845999965353],[75.43223100020766,38.55294799994073],[75.5561450002736,38.66710300023546],[75.59138300014206,38.7271299999517],[75.60338399994427,38.78785100013329],[75.56545600028852,38.84969300016818],[75.5534229998827,38.91626299978668],[75.51056900061236,38.93872599978766],[74.98768599992091,38.80055299998683],[74.74028999977088,38.78883700014186],[74.66368300036288,38.81307100017272],[74.62551399949909,38.86940900013936],[74.60547000022284,38.93782599997128],[74.54504700014527,39.019998999999665],[74.45425900004402,39.04767099968918],[74.14636700023031,38.958500999807924],[73.94899900050778,38.921602999752984],[73.71964300049551,38.90960699994916],[73.69612899963808,38.85732999993486],[73.645798000461,38.85568999991925],[73.63549799957859,38.8325770000076],[73.559897999674,38.8228300000052],[73.57664500049407,38.7706790000209],[73.61581400036809,38.73406599973059],[73.68991800006697,38.709300999665686],[73.7569960003627,38.708099000150334],[73.76818100017074,38.68368099982186],[73.79223599964268,38.67498000022705],[73.79599000041203,38.61126299982486],[73.83940099974214,38.588401999673415],[73.88360599974882,38.586399000125176],[73.90019999964714,38.548122000252064],[73.92320199972451,38.536365999756995],[73.99703199985188,38.530299999796306],[74.08298499963725,38.54810000006531],[74.07801099981367,38.597236999570875],[74.11704299954215,38.62847099985372],[74.1453399999116,38.681572000239434],[74.21949000038356,38.661468000156496],[74.51164299987892,38.63611599989617],[74.5538330003508,38.60014299980047],[74.57479799962202,38.61043900003509],[74.63444499993983,38.592220000262905],[74.71363799973376,38.52946100021494],[74.7850110000052,38.53362699992456],[74.8033139997115,38.490451999607195],[74.84988399990469,38.48424499989449],[74.86373900009713,38.39492800039728],[74.7783279995243,38.34242300005557],[74.80140699984189,38.30323799955706],[74.79976599974381,38.153823999976474],[74.8170400001175,38.084735999734164],[74.84706100004261,38.07088100020594],[74.86908700006725,38.02433000025445],[74.91712999970095,38.016978999767346],[74.90557100019831,37.95834000016662],[74.93183900043105,37.88367500016027],[74.9147720001327,37.845325000374274],[75.00527999954697,37.78465299994452],[74.89028899964438,37.661338999664075],[74.92208899975927,37.57211699983276],[75.01380199977848,37.50779699954954],[75.04079400045622,37.4997980000203],[75.06699399999626,37.519959000159936],[75.13095899994875,37.45392200032708],[75.15166500038495,37.41073599991311],[75.1220929997355,37.38847299954776],[75.13546799973564,37.36120600032745],[75.11507400001865,37.31893199991791],[74.93006099988696,37.28493899960783],[74.9083399996708,37.233893999675],[74.86580699951011,37.21910500000128],[74.81111899980849,37.21318099995772],[74.75637800005663,37.27624499992537],[74.73344399951263,37.28197899997044],[74.68363200033065,37.261550999754725],[74.66535199997357,37.23608799997024],[74.62490100039767,37.261268999791334],[74.59626799957209,37.25710700014482],[74.5848920002251,37.23255499981299],[74.51669299992774,37.2418369999987],[74.47595999975533,37.19611700026812],[74.48754099993671,37.16725500036739],[74.46052499984407,37.1337130003759],[74.48575600049418,37.12047599989728],[74.5003295123492,37.06691041802651],[74.4517497177787,37.066384507088294],[74.30751969531204,37.01310079855748],[74.22306668901972,37.002063915380916],[74.10483579934828,37.03439275769996],[74.01501799951924,37.094429000253704],[73.95054487525209,37.08883145402038],[73.82586396699352,37.117907007623025],[73.7685798139492,37.172663431254044],[73.76328313410288,37.2521968565682],[73.82710868472613,37.36680879522516],[73.81878700018187,37.408245000153784],[73.78672799983566,37.44485499955871],[73.67845100017148,37.46512600022138],[73.59353647044713,37.451754737889544],[73.53205080080873,37.477007309070245],[73.45298459382472,37.4809558651731],[73.36968199972118,37.452926999915825],[73.33588354307722,37.47192794676386],[73.29323773282049,37.46765579057218],[73.2273996983957,37.417488625153],[73.15032199999739,37.408359999640425],[73.09228943580281,37.33240774474195],[72.94509053730741,37.291957135329724],[72.87723239308605,37.236514685233786],[72.78678534210536,37.218780071040435],[72.66670243940347,37.02599217384508],[72.62035400029774,37.02649300004225],[72.53503829126066,36.99762574044663],[72.46961200019553,36.99370200018545],[72.42674253158762,37.008364931018754],[72.3225157895806,36.976636519451645],[72.03038799975488,36.82111699973637],[71.83552358562136,36.68427418571613]],[[73.30035660137361,38.89488515659989],[73.31558200019326,38.88959899996868],[73.28710200025759,38.864666000125666],[73.37096462783849,38.8978837341129],[73.38759276787066,39.006046471234285],[73.41973099984051,39.031307000271354],[73.43965235498013,39.01305546033489],[73.43007865739686,38.97817257062371],[73.44896599549355,38.95970980658133],[73.51508300001184,38.95748899963059],[73.55328625533816,39.00961145848979],[73.54258608761177,39.0346124021539],[73.54703956092185,39.057761789439375],[73.56458999997739,39.0608830002329],[73.55718200021776,39.083988000490116],[73.47360834403023,39.1293487319928],[73.3374710001413,39.13694799976901],[73.30713072915401,39.12305704411434],[73.31212298977405,39.08363495484843],[73.26482311838932,39.0319359284986],[73.29427607645296,39.00067129206978],[73.25442139121341,38.966838679370916],[73.28418365147576,38.95890799327375],[73.28773816570377,38.94201315067279],[73.32728778937118,38.97044800996034],[73.34099886242673,38.96208110560078],[73.32826758680841,38.92106708894487],[73.30035660137361,38.89488515659989]],[[75.4155274260882,40.76206008641868],[75.32301900025536,40.75735899980676],[75.2372621311078,40.718454404781504],[75.18786899961756,40.6574499997957],[75.20758600008281,40.61652699961298],[75.26517237164157,40.61020863452546],[75.34825221076628,40.65658882884391],[75.43118699955085,40.71652800006453],[75.4155274260882,40.76206008641868]]],[[[73.41669499887173,39.047196863976765],[73.4254070001825,39.10488899968539],[73.43254100052243,39.08845899988822],[73.45751895778535,39.10106656923658],[73.4381990449215,39.10969571662564],[73.47222284462346,39.10924059006534],[73.44529000040436,39.05177700008463],[73.42154211528761,39.05836490669078],[73.41669499887173,39.047196863976765]]]]},"properties":{"pref":"Kashiga'er","province":"Xinjiang","dynasty":"清朝","year":1820,"popdens":0.7052,"popdens_max":1.714}},{"type":"Feature","geometry":{"type":"MultiPolygon","coordinates":[[[[83.93970299946584,41.75254200015343],[83.90842299986231,41.62733900001942],[83.92264599956889,41.56685500029212],[84.01939500030852,41.44779599970273],[84.04912100015804,41.22843500040157],[84.08071800012534,41.158933000314285],[84.11857299970409,41.11845299996024],[84.14375500039434,41.00969100035317],[84.10136200051889,40.97976099984196],[84.04453300023556,40.96420400041173],[83.84810599975694,40.958945999499655],[83.87138683374593,40.98454575244494],[83.92906289656649,40.975988569758485],[83.95701600003136,40.998977999576724],[83.9629139996674,41.0187569995355],[83.94101869620168,41.020623104754726],[83.98100195956458,41.03056907899474],[83.99892035551585,41.0521584776809],[83.98274770694813,41.07771029341915],[83.96442481627115,41.043146241870666],[83.98873900023021,41.04473900038735],[83.92583936656878,41.02377881441994],[83.94673619412843,41.002638330457266],[83.93106100022527,40.98488999998581],[83.86643008605724,40.99070935874355],[83.8420927700481,40.96609050077804],[83.82904589784602,40.98335302180446],[83.77430047360221,40.99011098099343],[83.78559996226602,41.013349894349574],[83.74820566520562,41.02906172952039],[83.73842599977824,40.99799300037438],[83.71963500032548,41.02375800041217],[83.70084976891007,40.99985287008851],[83.67262872390305,41.01378324670571],[83.66947726277009,40.996798579825686],[83.64390741498049,41.007750778580586],[83.60898793095534,40.98588600071239],[83.59995999998299,41.00314699960371],[83.56810800006014,41.01036100017629],[83.56998000694279,40.986808584892636],[83.55300748956495,40.98190385716936],[83.52009600041367,41.00458900025014],[83.45466047117469,40.99244409535247],[83.40331299969094,41.0065960001658],[83.3801905752788,40.974264980991244],[83.34584083267426,41.00138107074185],[83.31919484273628,40.98686566813403],[83.28177070754654,40.99463006194603],[83.29330950692763,40.962154704435186],[83.26094858145068,40.93980453925106],[83.23833556242455,40.964581078012735],[83.22972768040327,40.93664541806096],[83.21949364503023,40.97421898647078],[83.18592160733911,40.950991591839724],[83.15325243555725,40.981379079779344],[83.11169399935599,40.928730000238495],[83.07355341919703,40.913047872072454],[83.02169535984036,40.94537283695219],[82.99252447250986,40.91187242592804],[82.97381728597678,40.941054309815755],[82.92803677648705,40.936794367233446],[82.85544600003556,40.991988999994376],[82.80697600014085,40.98934900010496],[82.81167417306366,40.96198575247292],[82.76135715839739,41.03215844083222],[82.72969879004181,41.02325977152883],[82.69516178910841,41.04919083181381],[82.68473024025286,41.01629491116287],[82.66266897168876,41.03660893565116],[82.6152836825107,41.0102254011041],[82.56801599989565,41.012408999665816],[82.54021242553766,40.98182441921092],[82.49870300013846,40.992676000393644],[82.47407424679477,40.97764819885701],[82.44469500024992,40.98260900024609],[82.41687388468104,40.95525273608125],[82.37996699968231,40.96184900022074],[82.30611522344773,40.937885166858784],[82.25295881420064,40.945865151739554],[82.25776891137845,40.9074750566177],[82.24130200014046,40.89534399986699],[82.19759400012285,40.90476599969149],[82.16852599986316,40.869254999821905],[82.03166200003668,40.86263999995644],[81.9909589997984,40.83079500035231],[81.93763771322038,40.844374507181456],[81.88568440321535,40.79972400937912],[81.83890439651722,40.79680729088184],[81.77539495923378,40.7200239972464],[81.73497799978419,40.73437499969129],[81.6378122328734,40.72567485968416],[81.58104302826486,40.736779682848976],[81.50774399942016,40.71422600000183],[81.46115992330726,40.682707993022554],[81.4015578210474,40.673843209812105],[81.40244300026689,40.61856499985707],[81.36853597401937,40.619305942137906],[81.38774100032482,40.85017899972825],[81.40934900003433,40.90866899989034],[81.5580109996972,41.150558999507965],[81.64956300049414,41.25501799981099],[81.89780200013213,41.39104200007607],[82.55719299998123,41.548943000075916],[82.58062600028993,41.57820600046498],[82.61499999985573,41.692495000263534],[82.66202099993038,41.755479000372354],[82.72406200018253,41.82079599981815],[82.79543100037225,41.86154899970749],[82.87852500036571,41.95152100023906],[82.90511100046893,42.007586999760996],[82.90367699987368,42.224573000277644],[82.89123999934546,42.28268100026365],[82.80859699991015,42.43883699997386],[82.80738900010559,42.471968000168474],[82.98235499965102,42.522998000259754],[83.0941360001331,42.61987800026425],[83.1578310003043,42.63803299967899],[83.22462799972722,42.62925100032572],[83.29744100046643,42.52627899982982],[83.4578700002454,42.47936200049156],[83.50010099947049,42.44125700028736],[83.69954700011372,42.41188199961916],[83.87655199996574,42.28136599969187],[83.9421219995317,42.21386999996692],[83.99226099978281,42.128497999873645],[84.00926400069545,42.04777099974591],[84.01232500004784,41.82158400007171],[83.93970299946584,41.75254200015343]]],[[[83.07355341919703,40.913047872072454],[83.07362535057523,40.91296694625138],[83.0734027837776,40.91301512251224],[83.07355341919703,40.913047872072454]]]]},"properties":{"pref":"Kuche","province":"Xinjiang","dynasty":"清朝","year":1820,"popdens":0.2762,"popdens_max":0.6712}},{"type":"Feature","geometry":{"type":"MultiPolygon","coordinates":[[[[80.32931499959429,45.66002999982333],[80.19516800065624,45.85563299996841],[80.16886099980564,45.84347899987734],[80.10379000003404,45.85290499978077],[79.97091700002962,45.83991600033178],[79.9523700001307,45.86496400022571],[79.96552300002377,45.912292000247014],[79.9494929997551,45.924633000022716],[79.83066600019114,45.912280999622176],[79.78282900043834,45.94556399999637],[79.75050400029495,45.943634000525655],[79.66838800021246,45.992869999901366],[79.58955400019948,46.077633000403175],[79.54765299973351,46.08036000003974],[79.53063999960399,46.10732700008935],[79.4364470003357,46.092083000411805],[79.36724899970318,46.10096399979972],[79.3169479996579,46.12863499958655],[79.29386899949034,46.11915199983291],[79.2234799996059,46.147488000163136],[79.19149800012407,46.19803600030641],[79.10818499968694,46.208664000100214],[79.08953099969438,46.2248540002303],[79.04689000028931,46.21369200003061],[79.04108400015858,46.19626200014504],[79.00450100028462,46.22058500050503],[78.92656699977691,46.21374100038781],[78.8737410002401,46.22756200022131],[78.82576000016637,46.21466099996404],[78.81814600038662,46.19888300041119],[78.76284799953042,46.19465299972552],[78.7436369997038,46.172134000048516],[78.70897700034993,46.1709059997386],[78.64713300020782,46.13456000007992],[78.48651900015388,46.14017099986437],[78.47475399991227,46.15858499983181],[78.40578500015545,46.17882899963905],[78.39862799940578,46.197788000091975],[78.31869500013973,46.24733700007435],[78.31969499994044,46.33034900028229],[78.34276252520306,46.3550855063899],[78.38979023483242,46.310870005108555],[78.37194962889994,46.30759788361407],[78.37858600065333,46.2974009998675],[78.44470199957314,46.28800999972064],[78.4575040006022,46.31510200000029],[78.41771700054409,46.34092300007002],[78.41530429005196,46.3819277756934],[78.41928041226416,46.39425270093354],[78.48009804599631,46.40483978083962],[78.53534228238895,46.407052876654134],[78.63717695036532,46.366687522880575],[78.67864930363724,46.38782719329958],[78.87456860782308,46.358135460506574],[78.96113250386539,46.38438689949487],[79.02777562513856,46.434623004149095],[79.0642760800552,46.51628625376198],[79.08288844190002,46.50151575002509],[79.091637000041,46.51722699962406],[79.08295400006928,46.56396100022797],[79.0549647447055,46.56438197031836],[79.04954878057549,46.582786484549],[79.19111928465463,46.59883202881208],[79.18835739525568,46.58266847885204],[79.20968599945017,46.587353000245194],[79.27391800020321,46.68991899964843],[79.36301400025962,46.71651799987077],[79.40592534553161,46.76425291175523],[79.48735800048007,46.79782899979887],[79.47755416015774,46.82044915925069],[79.58422900059135,46.91527900009808],[79.59892967018419,46.962354277719555],[79.56724500049665,47.043330999885285],[79.5461809994206,47.05211299998177],[79.5571900004855,47.115524000064816],[79.51649815905078,47.17628632969011],[79.54853396632993,47.23435463134064],[79.580902000257,47.2331160003767],[79.66699664203594,47.284454220289774],[79.70729099979563,47.288287999791145],[79.69923545080319,47.35132872081615],[79.67559261767556,47.38906827213409],[79.69332468861077,47.39204127607443],[79.69481050278843,47.41503294255281],[79.6510210356651,47.42720614158966],[79.64881099980644,47.471831999946545],[79.56910700021648,47.542458000071456],[79.59788413942793,47.649502326034245],[79.68063783371478,47.69181822271683],[79.8160757422887,47.70367114837235],[80.07457109252958,47.864477803513765],[80.271156000542,47.908622999963285],[80.30173722920516,47.941318611292914],[80.42314099952685,47.933434000116954],[80.54852178625634,47.97324946661659],[80.55509336921355,48.01304759463548],[80.58190932297693,48.04721268069312],[80.66276599981033,48.04840899966765],[80.68817500414453,48.06364463244935],[80.69193299944071,48.04550900019075],[80.71765899986957,48.04150799996886],[80.75279200033367,48.0666009997825],[80.80208172125985,48.02883858410379],[80.89422735844609,48.088910607259635],[80.93422869495774,48.13729677917068],[81.00846899978997,48.12576700038892],[81.0811315826424,48.198195544151226],[81.09792027677982,48.275360227375025],[81.1217258981924,48.28645446784236],[81.11652577267039,48.34516873058231],[81.1435643341385,48.39147018958213],[81.20247466471517,48.432849727466696],[81.26821382204088,48.51622108265244],[81.25528593316301,48.551556027524086],[81.28118099989435,48.601204000068776],[81.51040427520194,48.687972402252],[81.52658388526226,48.72448350784726],[81.62719120043576,48.81149665307624],[81.80363300068488,48.84127300000553],[81.92507542796716,48.82169625876586],[82.06032127024227,48.86566912737398],[82.438655220445,49.2125286253833],[82.53576883254627,49.32719533785895],[82.54591700006638,49.386015999902796],[82.50187442214396,49.48133311912054],[82.57285598793543,49.64784881893668],[82.6841409994421,49.82353899997655],[82.80265696680642,49.891240311413284],[82.94290900061111,49.80805600013455],[82.93101500022635,49.77800800010721],[82.97218299924383,49.77183500011548],[82.94591499992255,49.72509800026586],[83.02172099996889,49.72485400041774],[83.0294719999687,49.68957100038449],[83.09857899961256,49.69865799998303],[83.21765899937792,49.676861000292895],[83.34054599984711,49.691886999783705],[83.34123199965823,49.65523099966259],[83.36354100050318,49.63632200004709],[83.41735100000645,49.62768599964458],[83.46485600021329,49.580381000314205],[83.53753200024295,49.58974500047903],[83.55488499992408,49.554262000257346],[83.63275299995907,49.51920699956005],[83.652259000037,49.48030600024256],[83.73358400068672,49.47904399979252],[83.87795399985794,49.440167000013055],[84.12679799930952,49.28043699999594],[84.21352700005855,49.2051639995602],[84.20919699988217,49.14869499952857],[84.16153299980078,49.10916300014857],[83.99435800052433,49.06551999983664],[83.90660299946704,49.0112319998843],[83.81032499983783,49.011317000054895],[83.53129200059068,48.91659500004343],[83.45561699963979,48.80162899969381],[83.44119199972174,48.711251999848564],[83.48680300013588,48.6579099997604],[83.49604099989125,48.60793000006451],[83.4844160001287,48.58588500012181],[83.5117319997339,48.4848959997331],[83.54841299977808,48.43196700007818],[83.61858300051932,48.400316000144294],[83.61891099947394,48.376505999887094],[83.58086499973123,48.339392999752356],[83.51859900027036,48.32458700052152],[83.48767799961922,48.26955599993249],[83.45072012368476,48.255055418644254],[83.31345744354007,48.26140533385139],[83.25874281414612,48.28751790365464],[83.0956249139679,48.234078867460425],[83.03314199966603,48.28420999959861],[83.00373799965756,48.22715399989857],[83.0436026864076,48.17690360063512],[83.13386499958322,48.13613499988747],[83.15038881459722,48.143280823711144],[83.14969599952829,48.12939500012095],[83.26951600007389,48.05183800028064],[83.328004233308,48.034683035912174],[83.40744444714558,48.06775374609028],[83.43340022184235,48.04122170639515],[83.50156892192003,48.04214026775523],[83.55290200000675,48.016448999742906],[83.56436367668404,48.027812271880784],[83.61951399970353,48.0112569995786],[83.64324849771185,48.02016154013451],[83.67384432164688,47.98259709581724],[83.72371156956754,47.955963887043644],[83.74705102840322,47.97108135014634],[83.77338400038508,47.959640999697775],[83.83325999981838,47.879810000409975],[83.8761691236869,47.86453208521709],[83.91819008429155,47.87550472267493],[84.0200073651068,47.830675038461635],[84.08038832909138,47.82966527285567],[84.21674338833999,47.72382085362209],[84.34245297262675,47.68356072027963],[84.48472155564977,47.67613809016589],[84.51917477336771,47.66050301886896],[84.55627400033086,47.66567599990523],[84.51951696509293,47.67878714044296],[84.59847299985105,47.678692000401306],[84.63447570806761,47.72849791801652],[84.60978492193536,47.74692002620499],[84.5352536930984,47.72355653547293],[84.48738225392866,47.75404474128985],[84.5181183887537,47.78221785283327],[84.49643699972529,47.793673999914844],[84.68588300047259,47.81053500017352],[84.83721200066014,47.86868300001433],[84.84257499931034,47.896126000192446],[84.89704899978648,47.896896000089676],[84.90158100037416,47.913318999665634],[84.94448900038851,47.92739900015964],[84.9977720001188,47.92624700028711],[85.04441800044621,47.96858599985478],[85.07772099974943,47.951839000340435],[85.15578499946939,47.96677799997991],[85.16657300013836,47.99231699979161],[85.21311200022863,48.00000000025638],[85.29615799982905,47.997276000207194],[85.31440000034958,47.982353000085666],[85.34061399979369,48.011639000391334],[85.42522400005969,48.02263600036426],[85.47359499995672,48.011382999539244],[85.54207600035372,48.0239069997493],[85.54949199996818,47.98426399974673],[85.64937599943644,48.01418299983092],[85.70210300056553,47.992058000118305],[85.72540300004306,47.96271500040203],[85.75831600022573,47.98789600027219],[85.83248099946721,47.95718400008631],[85.8776860006349,47.977160999761054],[85.87776200038762,47.946720000347625],[85.90084099926513,47.95442600026486],[85.90111499995182,47.97320600033269],[85.96907799940735,47.95964000026814],[85.96977199952498,47.94134499977274],[86.09449799982433,47.91138099984773],[86.1025919998944,47.887024000072365],[86.1625439994593,47.861023000141884],[86.2680130002861,47.84842300050896],[86.26419100014557,47.869849999978655],[86.29791300030061,47.86262100043739],[86.31663500007308,47.87609499997106],[86.3826900001604,47.840972999794865],[86.39771299982243,47.84702700012026],[86.39163999942811,47.86680600005495],[86.42553700037892,47.88380400012366],[86.45277399997238,47.869518000082614],[86.48661000031439,47.89542799961609],[86.56467400011337,47.87853599997465],[86.57819400045945,47.8506739997897],[86.68302200056578,47.83402999996953],[86.77504000016721,47.75572200010379],[86.79450200006112,47.72016899974268],[86.94490800019624,47.665249000441186],[86.94599899968614,47.636661999985364],[87.01989000034061,47.59903700022618],[87.13079100022048,47.58394200028612],[87.13412500031897,47.565921999865495],[87.15785999992691,47.59421900013676],[87.19857000022218,47.59142299999057],[87.24558999991807,47.57178100016983],[87.2286450006121,47.55267300000612],[87.24827600007087,47.55205900001598],[87.26495400013431,47.52806100010013],[87.42400300035635,47.4532890000119],[87.4838029999621,47.4639319997722],[87.57475299956162,47.44678500030502],[87.56319757263806,47.42184871912839],[87.48226332736165,47.39604849274492],[87.32964299942043,47.38792800005736],[87.09296281476611,47.33049906011984],[87.0620517975514,47.315851307307014],[87.02350475455893,47.25186819690239],[87.11887935917991,47.149014982375114],[87.1650515829118,47.13641369603993],[87.247141817943,47.078218330313966],[87.2365397046226,47.0445930977404],[87.25119799985016,47.027709999850345],[87.28766599970344,47.04629499989247],[87.36076399959647,47.00454299978776],[87.33208436777721,46.99777387008826],[87.38599771597754,46.95445655512974],[87.36491265970963,46.94847760637004],[87.3397626327968,46.89573599517042],[87.36043814499966,46.855051491880104],[87.47019215433406,46.86731032275504],[87.54593031731528,46.91809170896783],[87.49889781561909,46.974219386041774],[87.4437480003522,46.982459999995704],[87.45694000060143,47.00140799982106],[87.43508900019398,47.062442999648304],[87.44421399962306,47.0831640001612],[87.47084800009934,47.1020579996296],[87.51812799984955,47.09077799955327],[87.64757500013275,47.024410000283254],[87.65553299964138,47.000702000209714],[87.64156300038358,46.98360400005373],[87.70901500016755,46.821667000285586],[87.69622800043652,46.81213799999718],[87.69956999937607,46.769833000037735],[87.68080200043718,46.760006000264035],[87.69592300053898,46.754916999978754],[87.68905599968275,46.735611000333435],[87.70590200054184,46.72779499992497],[87.71263099955834,46.69674299992297],[87.87376399975989,46.65016199997244],[87.99456000034641,46.57645799979499],[88.14092300023904,46.5863690000515],[88.33787499996893,46.54009999968033],[88.50415000044839,46.54668800009477],[88.54285400049103,46.524883000167435],[88.58489200046115,46.45227099987358],[88.61419699972129,46.433837999522574],[88.65792899995009,46.43490200002827],[88.68868300003348,46.38807699992692],[88.75571399939379,46.35552200029915],[88.84637500051323,46.35569799975369],[88.86517300033921,46.380901000183854],[88.90756199953614,46.37225300032999],[88.97737899947728,46.417846999785105],[89.03966499949131,46.42106199969358],[89.07979599963575,46.45766399958405],[89.15959200013695,46.42235599989101],[89.28079200026666,46.477760000423636],[89.31961000010843,46.48133099957642],[89.50002299928353,46.36994900027627],[89.50973500037071,46.34656499984324],[89.74002899955951,46.24853900009608],[89.90618099936292,46.2098430000414],[90.03412599965758,46.100169999803484],[90.14404299960067,46.05590799970899],[90.15831800006794,46.03390099985645],[90.28219599960188,45.99494199996737],[90.34944900039501,45.95120600019663],[90.35136399959768,45.92917600000339],[90.37432900027082,45.92767299998464],[90.37543499932794,45.911888000193265],[90.41437499960881,45.90388099958521],[90.40692800036265,45.86700299973566],[90.36763999975122,45.82131699984882],[90.36337599991725,45.78463700007838],[90.42434300028978,45.58442500027234],[90.470772000264,45.4947010001624],[90.56131100012713,45.35809000004915],[90.69225500061371,45.258558000045674],[90.77425499954927,45.22774500032121],[90.78601900001759,45.20506799995016],[90.68551800034302,45.126015999661504],[90.56614399981592,45.09334400010938],[90.00768899993022,45.115451999740436],[89.78119700059304,45.08843699983159],[89.67774200013616,45.04935800027755],[89.57049100032867,44.94947400003807],[89.35194900052628,44.61889000015918],[88.98621600014152,44.593468000479035],[88.87685599971219,44.60361499971344],[88.76682200003235,44.63847399964631],[88.48927400009545,44.7714179998911],[88.28087100023166,44.911762000467824],[88.09207700001973,44.99898899994278],[87.40756099972546,45.22240600029951],[87.29382700042287,45.27833699994369],[87.13267800054494,45.43264400002079],[87.08136200055816,45.610122999968034],[87.08721399938361,45.78119300026138],[87.0465570000378,45.843390999686214],[86.9776760000442,45.872683000446294],[86.74549200026564,45.92275099994197],[86.48823900068348,45.93921099976024],[86.01551299999974,45.91300500012154],[85.81320800004623,45.865745999973136],[85.43024099996417,45.880080000124984],[85.25798100006338,45.84251299992134],[85.0515579992696,45.834451000164606],[84.77404200005051,45.70079299980094],[84.66933600061681,45.62770999998682],[84.6263340000882,45.57640299970293],[84.62170700036096,45.520179999870294],[84.58848400017416,45.47101000000954],[84.41442799948543,45.407399000127995],[84.20601100045262,45.361754999854774],[84.16404199961951,45.33277699998897],[83.99427999997033,45.27972399995958],[83.66179100022873,45.12556600005056],[83.59151200028438,45.0604240000267],[83.43581000023464,44.988492000395674],[83.22347200043788,45.003944000111645],[83.05204400026378,45.064136999825664],[82.8608390000345,45.16669600022339],[82.75556899975945,45.20203699963562],[82.67916300033461,45.205994999846936],[82.62139499991179,45.18147399973331],[82.5751489993006,45.20647400010704],[82.44475600029311,45.177794999900364],[82.28973400048164,45.24388899976693],[82.10072299940005,45.20636700010615],[82.08197799984652,45.225184999905665],[82.09379600015883,45.247993000148774],[82.01769999944412,45.240406000275854],[81.97444899933603,45.28994000024102],[81.8182300005563,45.359058000046936],[81.78310399982082,45.39120099987766],[81.72387699996203,45.363894999805105],[81.63229400034672,45.357315000064425],[81.57678200027635,45.333954000339965],[81.56919099972792,45.30788400005659],[81.54229800035657,45.30816300003856],[81.51695199964179,45.282253000066575],[81.45903800027483,45.26216900050039],[81.41243800040601,45.28094499987861],[81.37155899984873,45.25530199950992],[81.26880700021334,45.23653799978896],[81.22833299961171,45.247245999872],[81.16653500013507,45.224556000321066],[81.16309400005574,45.20702000032653],[81.10969600029117,45.221625999822386],[81.11652400007569,45.205073999948475],[81.07373800000119,45.177176999838146],[80.94386300008222,45.163361000048376],[80.89991000022091,45.12779200020999],[80.85697900008402,45.12566800025751],[80.84295500033936,45.16367399981954],[80.86408300031617,45.36993000027998],[80.84161600006512,45.42895599971944],[80.79390699990992,45.478161000413074],[80.7140729998789,45.53910100015454],[80.56150100011334,45.533019999761684],[80.45359800001488,45.622112000059445],[80.32931499959429,45.66002999982333]],[[82.12256600019049,45.54200700018043],[82.19396200007377,45.53012500035456],[82.20707120050184,45.543403260246855],[82.15140317216401,45.601089498027946],[82.113977970107,45.57941694896028],[82.12256600019049,45.54200700018043]],[[80.6017150001423,46.65499100015187],[80.67483957263924,46.592073553975816],[80.71642300015492,46.59376900018875],[80.81709548143705,46.48356747816765],[80.8991005963592,46.495629409935034],[80.99677716470981,46.47471702720803],[81.0280530002191,46.4939269999448],[81.0754239999101,46.48377199985603],[81.21049074456342,46.41392702270311],[81.27883900034959,46.346190999857214],[81.35502423718289,46.315174325916296],[81.3574799183565,46.284784449816875],[81.40735748927202,46.27952051195916],[81.36027054991924,46.25691967466643],[81.40000580764793,46.260270972818574],[81.40702657092962,46.21686940822664],[81.3959094785859,46.21364582779914],[81.4164479625749,46.199109359161554],[81.39254000062684,46.18799999985435],[81.40472702712214,46.1525902036907],[81.37461900048031,46.13874099976876],[81.37552619124108,46.014264825160005],[81.50871062621547,45.99851457146047],[81.6372309110616,45.9075230575061],[81.64928399997153,45.868583999540064],[81.7279360005502,45.82426499994475],[81.75884865477853,45.81691027524316],[81.89144635513652,45.843309089499854],[81.98380451311716,45.828366308005556],[82.05907696060207,45.78853651563773],[82.11109616213307,45.73638008570365],[82.14431952574584,45.73189245685151],[82.13829664030648,45.76723388953498],[82.0525378416607,45.91120082329602],[82.01082028179376,46.10926872076776],[82.03776756984145,46.19924879234339],[82.0006030004304,46.2059709998443],[81.96262909783243,46.24305234555097],[81.9425864621541,46.30081652432279],[81.96939573548325,46.307154270772934],[81.95608499964406,46.32003000025142],[81.92038359637976,46.31875927002497],[81.89235603944178,46.338688126443465],[81.92947400033242,46.35505300045379],[81.93170687760035,46.372767862141515],[81.87751335867743,46.35540269663643],[81.82243939866655,46.37997971502487],[81.84805200854457,46.390506161102564],[81.90245099952769,46.3728869997058],[81.89838812080802,46.38654355278584],[81.84598406346619,46.39815400287614],[81.78848999955324,46.38714999969203],[81.771170079595,46.39901551474895],[81.7922820002193,46.399780000071445],[81.76618785023908,46.43217423839142],[81.69051693730911,46.42855775046639],[81.71849799984133,46.449535000061346],[81.67833127935741,46.428618870735335],[81.6636399108633,46.43089049394021],[81.68613512716888,46.44533913004925],[81.62400640631618,46.43952775167067],[81.64972398709818,46.462514621565],[81.60478200051041,46.479191000127024],[81.59086599959656,46.47353000030935],[81.60665247129353,46.46322942653662],[81.55156145377414,46.44666602842663],[81.56478900001261,46.46004900029578],[81.55285600021843,46.47192800009801],[81.47657854577572,46.46979976259734],[81.3387457625915,46.53371247412447],[81.25342600012893,46.62412300022223],[81.1916264190671,46.66366370780004],[81.13396500047654,46.6643560001315],[81.0945592593775,46.637732056992554],[81.04733999971994,46.653804999735634],[80.94609545390192,46.630250813213],[80.8660084005703,46.662995442457685],[80.86600896295938,46.640098698147845],[80.74661576270314,46.69107974219674],[80.6688146980345,46.67500176597691],[80.6422349992992,46.692051000097045],[80.61484305845083,46.68736222622326],[80.59995299962759,46.70568099960077],[80.6017150001423,46.65499100015187]],[[85.73018699999751,45.951862000242905],[85.74617800044076,45.93357099979576],[85.73289499957627,45.89493200033879],[85.75820199957,45.88295699985267],[85.81745900023235,45.92249700045699],[85.84471900033023,45.96887600016773],[85.80388407421967,45.986382616150685],[85.73018699999751,45.951862000242905]]],[[[79.06071698667327,46.54457563323315],[79.07391400029101,46.529259000477154],[79.0642760800552,46.51628625376198],[79.06093503627044,46.53247288284568],[79.06071698667327,46.54457563323315]]],[[[79.05746443530543,46.55340535541538],[79.05207784810356,46.56258313900792],[79.0549647447055,46.56438197031836],[79.05746443530543,46.55340535541538]]],[[[87.27137666031818,47.05889905073864],[87.26996635265698,47.07094346559914],[87.2808670755133,47.0557644719877],[87.27137666031818,47.05889905073864]]],[[[87.52212078584287,47.393567409692935],[87.52328228515559,47.38930179382108],[87.5214473789975,47.3881458456037],[87.52212078584287,47.393567409692935]]]]},"properties":{"pref":"Ta'erbahatai","province":"Xinjiang","dynasty":"清朝","year":1820,"popdens":0.1073,"popdens_max":0.2607}},{"type":"Feature","geometry":{"type":"Polygon","coordinates":[[[88.15756100030141,41.207926000468525],[88.1585190000972,41.28861699980243],[88.19190900031117,41.36556099975629],[88.35287599983825,41.46781699966009],[88.42232400018567,41.542977000478515],[88.46340199986027,41.63298699980266],[88.45679300030366,41.69168699980303],[88.39426400000553,41.76211200008706],[88.39790400002994,41.8023539997161],[88.42866100032141,41.84352100017012],[88.49237199974569,41.883056999751766],[88.63055999994428,41.945754999873934],[88.71297900041172,42.0516340001844],[88.75349799971852,42.22036199957143],[88.77653999993957,42.48675399986736],[88.74554800020717,42.57382999965562],[88.69343799984051,42.63273699972514],[88.6230389997247,42.66104399979132],[88.48810499980684,42.65198700006316],[88.41760300011474,42.581194999992846],[88.39743699989353,42.460745000124945],[88.36717799981128,42.42847499963329],[88.30634899984318,42.42687499989935],[87.85215500023803,42.54848199964864],[87.69082400014632,42.660891999966424],[87.61244099985896,42.74950400012669],[87.5949760002391,42.79966399970162],[87.49457900036242,42.92504600012194],[87.8840400004338,42.978946000332456],[88.04791800028522,43.03035800020753],[88.17979200023424,43.02893200016323],[88.46377700008505,42.979537999805125],[88.59809599946672,43.004488999894875],[88.90709800000685,43.11488399977552],[88.9326410003093,43.154114000384425],[88.96200400005922,43.290092000197525],[89.01266699949763,43.36181400029282],[89.25092500028975,43.50672799997596],[89.59279200051225,43.393964999844094],[89.6786210003472,43.386605999700286],[89.790555000134,43.443074000331315],[89.88981700006468,43.44375699993752],[90.01110499967695,43.47232599952439],[90.14483200015457,43.45025900007701],[90.30261899991048,43.4716249996666],[90.3752200002442,43.505240000446044],[90.58092400005397,43.5343080002757],[90.87671199945709,43.4932809999316],[91.15081599954534,43.49823499974596],[91.24662599957264,43.515986000063194],[91.40131799955213,43.59480499987075],[91.49155199957227,43.61504099951529],[91.65885499948068,43.384664000304554],[91.60229999972022,43.380069999507405],[91.50092899945726,43.3246230000637],[91.45685100004722,43.27826099997747],[91.43219300008886,43.15348299964683],[91.46212799955569,42.93857300021132],[91.51057399971278,42.767473999656545],[91.50197400047958,42.70937199967999],[91.52025399957873,42.66724699958558],[91.47772600000624,42.50334499963041],[91.47130199954337,42.41798900014153],[91.49183700044884,42.267276999824354],[91.4496940005969,42.10347999988888],[91.44999199985666,42.02217599970862],[91.48640299967248,41.85676900006391],[91.55496999992397,41.70686200014581],[91.54013800055776,41.52304799980062],[91.56153799965088,41.3408969995685],[91.6614080002073,41.24708899994353],[91.73224900012758,41.24126199957957],[91.98053800005682,41.30165100038176],[92.18727299998697,41.23892600033936],[92.18150999996044,41.095452000188224],[92.08271799981016,40.85375300035108],[92.08147599991611,40.69271800001536],[92.05310900029392,40.55655900007482],[91.92698100029374,40.29249599980175],[91.9130809999208,40.19436799970616],[91.67469299968687,40.16807200027556],[91.00662499999738,40.0237620000612],[90.50607100025682,39.998731000251006],[89.90889599939736,40.02691100029173],[88.89969900006516,40.11954400009271],[88.83315599959938,40.185673999638844],[88.7528560004174,40.324339999705685],[88.75755100017967,40.559277999959896],[88.77396900031042,40.639068000140824],[88.83266699971874,40.69867100002376],[88.85671099973658,40.82514899956871],[88.82263699957987,40.86958499991453],[88.75531100046561,40.90680700015235],[88.25408800060526,41.089006999778945],[88.19062400016894,41.14358799987176],[88.15756100030141,41.207926000468525]],[[89.61078100016078,42.557062999960316],[89.42053200035684,42.66151999969838],[89.24289700012766,42.6990620000225],[89.24139300057391,42.67353400005935],[89.38091932060618,42.58074034090134],[89.56972443066485,42.54586465877194],[89.59964099995778,42.54352500013895],[89.61078100016078,42.557062999960316]],[[90.20690007921351,40.73412865142654],[90.15994186916095,40.72215648472703],[90.10544599967339,40.66791499982173],[90.09990887858605,40.62194533407996],[90.13661927343821,40.535063595503644],[90.13946743288116,40.44093779837156],[90.10144367068177,40.23897545916485],[90.16683700040203,40.097641000279516],[90.18986599982246,40.0783929999662],[90.21384116259874,40.08478203130374],[90.24058622220939,40.117596868149555],[90.29226099975935,40.06869599972317],[90.48634099986127,40.167356999761196],[90.50497193318073,40.20261704061079],[90.43075399961222,40.29601699976249],[90.40724778360794,40.5373475486177],[90.38021997488748,40.56323131427748],[90.33004799986121,40.57045000031632],[90.33996133885563,40.64138037269649],[90.29515996855194,40.66274985152926],[90.30100744664672,40.73645010536091],[90.26227899953379,40.775900999733246],[90.23590700013786,40.76972999962734],[90.20690007921351,40.73412865142654]]]},"properties":{"pref":"Tulufan","province":"Xinjiang","dynasty":"清朝","year":1820,"popdens":0.0561,"popdens_max":0.1362}},{"type":"Feature","geometry":{"type":"Polygon","coordinates":[[[85.02780400010155,43.515230999796074],[84.91047199991621,43.49167599953828],[84.76925099968959,43.62825699975999],[84.84031699973927,43.74270700016212],[84.82579199968065,43.88667200006987],[84.83901399935726,44.02356400009157],[84.87489300036746,44.07927299987756],[85.04030800033769,44.18257799988288],[85.06385200038332,44.23392500036187],[85.06614100053334,44.30357799969545],[85.12665899981627,44.51849600028859],[85.12489799996112,44.55900100031029],[84.88445999984066,44.82785199985863],[84.78404999978424,44.96634999985319],[84.6351489993555,45.09180300022516],[84.6109829992676,45.141560000210724],[84.64647799979156,45.41120900025475],[84.62170700036096,45.520179999870294],[84.6263340000882,45.57640299970293],[84.66933600061681,45.62770999998682],[84.77404200005051,45.70079299980094],[85.0515579992696,45.834451000164606],[85.25798100006338,45.84251299992134],[85.43024099996417,45.880080000124984],[85.81320800004623,45.865745999973136],[86.01551299999974,45.91300500012154],[86.48823900068348,45.93921099976024],[86.74549200026564,45.92275099994197],[86.9776760000442,45.872683000446294],[87.0465570000378,45.843390999686214],[87.08721399938361,45.78119300026138],[87.08136200055816,45.610122999968034],[87.13267800054494,45.43264400002079],[87.29382700042287,45.27833699994369],[87.40756099972546,45.22240600029951],[88.09207700001973,44.99898899994278],[88.28087100023166,44.911762000467824],[88.48927400009545,44.7714179998911],[88.76682200003235,44.63847399964631],[88.87685599971219,44.60361499971344],[88.98621600014152,44.593468000479035],[89.35194900052628,44.61889000015918],[89.41839699960778,44.56317899955581],[89.48688400030107,44.279122000284765],[89.46998299991951,44.13099800001648],[89.4206870001417,44.027654999790215],[89.37448400029888,43.97832900034734],[89.17012000055905,43.85194299998741],[89.05636599995647,43.808429000369784],[88.90988500042475,43.77779599999799],[88.86389499981927,43.723775000238426],[88.87959199963065,43.66430599967959],[89.25092500028975,43.50672799997596],[89.01266699949763,43.36181400029282],[88.96200400005922,43.290092000197525],[88.9326410003093,43.154114000384425],[88.90709800000685,43.11488399977552],[88.5254910003852,42.983289999638146],[88.3758190005435,42.99051699994991],[88.17979200023424,43.02893200016323],[88.04791800028522,43.03035800020753],[87.8840400004338,42.978946000332456],[87.49457900036242,42.92504600012194],[87.47881899995598,42.959387999855714],[87.48543699964684,43.006352999747904],[87.46776899965522,43.09699499947756],[87.41859999995236,43.13711799969279],[87.34866400039057,43.14650900006143],[87.15443600045172,43.04791800018309],[87.04985899981732,43.04259900020477],[86.96834499972017,43.06112699983849],[86.84098800012603,43.130552999880145],[86.6901830004801,43.17357100006987],[86.62170700015497,43.20939999970026],[86.56795900008625,43.33917999991692],[86.50935000007222,43.390382000366834],[86.40032199980466,43.42499099984073],[86.30558099995888,43.441106999700764],[86.1676560001189,43.39980100025147],[86.09718499960422,43.40834799953197],[85.96264600030568,43.494846000405765],[85.83968000007766,43.50670600001075],[85.73377599972807,43.48657399983439],[85.59400099970928,43.392848999902085],[85.51448600020191,43.407926999644665],[85.31833499956494,43.52173500028536],[85.15967799979698,43.48845499980001],[85.02780400010155,43.515230999796074]]]},"properties":{"pref":"Wulumuqi","province":"Xinjiang","dynasty":"清朝","year":1820,"popdens":1.5087,"popdens_max":3.6669}},{"type":"Feature","geometry":{"type":"Polygon","coordinates":[[[75.70660399987635,40.2825390002019],[75.66327699968394,40.36684399958387],[75.67913100028004,40.41603899983892],[75.72258000029008,40.472659999770286],[75.65066499949039,40.505360000254655],[75.63345300031743,40.529804000044614],[75.62380199977987,40.621383999540924],[75.63232200028327,40.64391699966349],[75.68993599981435,40.679318999792514],[75.68175500047478,40.85911000005515],[75.80137200036762,41.02039699982606],[75.78269199998324,41.15987000008329],[75.98924300046976,41.17233299979603],[76.3444819995103,41.24410600027132],[76.46760600018416,41.23417300038301],[76.55741900048629,41.3057479998074],[76.62296300020651,41.3192670004685],[76.76692200042201,41.30115499990287],[76.93147300035116,41.32666000025802],[77.16069799973648,41.30152899971592],[77.23261300027659,41.32875100030371],[77.26730300010047,41.304957999689094],[77.2590790000757,41.28613300041599],[77.2928340005045,41.26684999975439],[77.41173300036073,41.24555199981081],[77.49562300020214,41.257741000279005],[77.53398799977887,41.2838310003363],[77.73066799958104,41.30482599995121],[77.76580400003245,41.33301799968215],[77.77470400023635,41.37161200009358],[77.83077200014662,41.41287100030603],[77.90422000028838,41.438399999677614],[78.10221400016901,41.45156899990629],[78.17583299979125,41.47690099969138],[78.22242099992964,41.52218999976083],[78.32094199983288,41.6629699997085],[78.32931500055703,41.894377000032854],[78.3925369994133,42.04763800012079],[78.44071300004158,42.119129999835856],[78.54126600018623,42.06451199985296],[78.71824100020392,42.04914799996207],[78.83354800032009,42.004482000151725],[78.96267500015819,41.927043000420454],[78.98736200048154,41.86317099978412],[79.04553199945771,41.81901000015079],[79.29178599981456,41.79595100019566],[79.37931899998532,41.7709860003674],[79.45490799997432,41.733581000431755],[79.61329399950083,41.54237500002707],[79.63306300022644,41.431392000133606],[79.63150799983774,41.30773600000512],[79.5830740003517,41.17992200013674],[79.44737799997627,41.09376899959458],[79.33930799978806,40.88506699958021],[79.27186699971581,40.8204979999851],[78.86499300015338,40.54363900030652],[78.78816599980459,40.40888500015966],[78.67655000025816,40.359346000459695],[78.50070099981639,40.30906099963733],[78.19010199935329,40.29032000020155],[78.07690700043958,40.265993000020316],[77.71589499980487,40.13895899973808],[77.60429899989428,40.03356900007895],[77.35323799980392,39.942847999941804],[77.34219199957288,39.91876100004969],[77.3747819996342,39.86360800029831],[77.35678300022691,39.8416930004031],[77.27789999959981,39.85389699973634],[76.85880900022103,39.83003500045688],[76.56270600038069,39.87110099980196],[76.52999599975716,39.91493800032637],[76.54077299985043,39.96777399991819],[76.60203500013921,40.00995799967799],[76.72123400027955,40.07148899999461],[76.92729200051976,40.10199999974963],[76.96602500018096,40.12823900027294],[76.96486499951259,40.16721700024144],[76.93382399971738,40.21131999988941],[76.78427199997675,40.33388699981744],[76.73195999978199,40.35874999981826],[76.61662500038281,40.338956000038664],[76.41602500002382,40.24306400004429],[76.37841999987624,40.24746900006841],[76.3193740000047,40.35706300005855],[76.3206870005237,40.390910999831696],[76.26966099975748,40.439795999651416],[76.18063400017557,40.38275900041666],[76.12532000036761,40.39540900035173],[76.05032400048647,40.38846999986366],[76.03198999992993,40.34887299985985],[75.96476700052501,40.37827299981798],[75.9215780003505,40.3306580000821],[75.92810800002044,40.30066699960344],[75.90940099984044,40.287505999937665],[75.81957200013824,40.32531700009909],[75.78614800046037,40.29972499991323],[75.7324450004246,40.304969999948625],[75.70660399987635,40.2825390002019]]]},"properties":{"pref":"Wushi","province":"Xinjiang","dynasty":"清朝","year":1820,"popdens":0.18,"popdens_max":0.4375}},{"type":"Feature","geometry":{"type":"Polygon","coordinates":[[[74.58583100011042,37.03399699997457],[74.5499729998603,37.04680999981125],[74.52823600001024,37.080672999849824],[74.5003295123492,37.06691041802651],[74.48575600049418,37.12047599989728],[74.46052499984407,37.1337130003759],[74.48754099993671,37.16725500036739],[74.47595999975533,37.19611700026812],[74.50469200021543,37.236766999699995],[74.55047600031601,37.2457999999056],[74.5848920002251,37.23255499981299],[74.59626799957209,37.25710700014482],[74.62490100039767,37.261268999791334],[74.66535199997357,37.23608799997024],[74.68363200033065,37.261550999754725],[74.73344399951263,37.28197899997044],[74.75637800005663,37.27624499992537],[74.81111899980849,37.21318099995772],[74.882697999947,37.22206899971667],[74.91307099952844,37.23879600001465],[74.91624400046979,37.27666099975594],[74.93006099988696,37.28493899960783],[75.11507400001865,37.31893199991791],[75.13546799973564,37.36120600032745],[75.1220929997355,37.38847299954776],[75.15166500038495,37.41073599991311],[75.13095899994875,37.45392200032708],[75.06699399999626,37.519959000159936],[75.04079400045622,37.4997980000203],[75.01380199977848,37.50779699954954],[74.90852399947441,37.59225500019353],[74.91302500021504,37.624644999645355],[74.88950399974962,37.66842599984469],[75.00527999954697,37.78465299994452],[74.9147720001327,37.845325000374274],[74.93183900043105,37.88367500016027],[74.90557100019831,37.95834000016662],[74.91712999970095,38.016978999767346],[74.86908700006725,38.02433000025445],[74.84706100004261,38.07088100020594],[74.8170400001175,38.084735999734164],[74.79976599974381,38.153823999976474],[74.80140699984189,38.30323799955706],[74.7783279995243,38.34242300005557],[74.86373900009713,38.39492800039728],[74.84988399990469,38.48424499989449],[74.8033139997115,38.490451999607195],[74.7850110000052,38.53362699992456],[74.71363799973376,38.52946100021494],[74.63444499993983,38.592220000262905],[74.57479799962202,38.61043900003509],[74.5538330003508,38.60014299980047],[74.51164299987892,38.63611599989617],[74.21949000038356,38.661468000156496],[74.1453399999116,38.681572000239434],[74.11704299954215,38.62847099985372],[74.07801099981367,38.597236999570875],[74.08298499963725,38.54810000006531],[73.99703199985188,38.530299999796306],[73.92320199972451,38.536365999756995],[73.90019999964714,38.548122000252064],[73.88360599974882,38.586399000125176],[73.83940099974214,38.588401999673415],[73.79599000041203,38.61126299982486],[73.79223599964268,38.67498000022705],[73.76818100017074,38.68368099982186],[73.7569960003627,38.708099000150334],[73.68991800006697,38.709300999665686],[73.61581400036809,38.73406599973059],[73.56394200042634,38.79108399992632],[73.55614500003608,38.812588000130404],[73.5685729996602,38.82936099990601],[73.63549799957859,38.8325770000076],[73.645798000461,38.85568999991925],[73.69612899963808,38.85732999993486],[73.71964300049551,38.90960699994916],[73.94899900050778,38.921602999752984],[74.14636700023031,38.958500999807924],[74.45425900004402,39.04767099968918],[74.54504700014527,39.019998999999665],[74.60547000022284,38.93782599997128],[74.62551399949909,38.86940900013936],[74.66368300036288,38.81307100017272],[74.74028999977088,38.78883700014186],[74.98768599992091,38.80055299998683],[75.51056900061236,38.93872599978766],[75.5534229998827,38.91626299978668],[75.56545600028852,38.84969300016818],[75.60338399994427,38.78785100013329],[75.59138300014206,38.7271299999517],[75.5561450002736,38.66710300023546],[75.43223100020766,38.55294799994073],[75.33334700010691,38.37845999965353],[75.35596599993227,38.30771300037044],[75.39755099953956,38.26712199986212],[75.5487810002658,38.19158400022029],[75.61151299943754,38.18898700012991],[75.71940399967843,38.218545000121495],[75.8913409998471,38.31530399965027],[75.9930790002921,38.34404900030091],[76.09118699991885,38.34906700000832],[76.34187999975093,38.23070400012488],[76.40964399991725,38.240912999875825],[76.8117830001255,38.40703300036145],[76.92034200004025,38.46891500043501],[77.00594899950656,38.56281499991891],[77.05012500027726,38.7705439999191],[77.10855099980641,38.94038100034506],[77.37189199987829,39.260875999858364],[77.39424599993976,39.33754400028284],[77.45194800007174,39.429392000377746],[77.44446399964868,39.60550700028746],[77.42080500001578,39.674176999785146],[77.32725299955177,39.800859000286536],[77.33307899949864,39.84280900001212],[77.35678300022691,39.8416930004031],[77.3747819996342,39.86360800029831],[77.34219199957288,39.91876100004969],[77.35323799980392,39.942847999941804],[77.60429899989428,40.03356900007895],[77.71589499980487,40.13895899973808],[78.07690700043958,40.265993000020316],[78.19010199935329,40.29032000020155],[78.50070099981639,40.30906099963733],[78.67655000025816,40.359346000459695],[78.78816599980459,40.40888500015966],[78.91905900013336,40.29547300024878],[79.02650400041361,40.264002999863145],[79.25785400014385,40.300134000035946],[79.51523099959878,40.40948800010878],[79.69692399965335,40.437374000331246],[79.76953400028262,40.41674300006735],[79.8382429998018,40.34657899978845],[80.01708500042002,40.062294000251455],[80.02867900023485,39.71145000046394],[80.01284100020996,39.553850999717014],[79.81312199999996,39.12172099991112],[79.63961800039921,38.836248000069986],[79.50551800003063,38.40038900044347],[79.44015799950938,38.01196200010506],[79.47577399983192,37.765515000096485],[79.45472400024725,37.378075000284014],[79.41946700059219,37.218924999822974],[79.31273800031369,37.103971999899],[79.15785200026426,37.010358000415955],[78.95665499963437,36.857586000244275],[78.85268700020828,36.72499200041689],[78.79260300012895,36.61183200011093],[78.59736000046188,36.58771199979874],[78.47274599986241,36.510320000140645],[78.35136099975658,36.541528999995684],[78.11908599963256,36.544275000141674],[78.06467899994156,36.519106000306714],[77.98764899986674,36.44063599964435],[77.97737900040323,36.33459200006238],[78.02071700006945,36.260047000071836],[78.14515799953861,36.165020999928615],[78.32352799968426,36.06816799953298],[78.38047400028654,35.98488500027481],[78.38228799949843,35.93785900006483],[78.36609100055006,35.850591999836666],[78.28730500008157,35.728469999728475],[78.2178610003014,35.660202000033635],[78.11147700040813,35.59917199989976],[78.00765199946458,35.49242800018386],[77.94471799986832,35.478066000172255],[77.91416200012591,35.492398000299794],[77.90243500001682,35.46272600027302],[77.81472000002866,35.516712000279064],[77.79474699995875,35.492306000054214],[77.75504399982913,35.498138000303214],[77.72547199975511,35.45885500007405],[77.68516500033422,35.450000999863356],[77.65221399996939,35.48047200019375],[77.63557500046721,35.458392999800864],[77.5442269997374,35.482288000146994],[77.44908099990255,35.46129900001151],[77.39412699969452,35.46854799985092],[77.30518299995184,35.54490299993742],[77.18268600040072,35.522563999977265],[77.06176000022883,35.59806800043173],[77.00621099997971,35.61154600037569],[76.96408800007532,35.59267400027977],[76.91523700029917,35.609463000358744],[76.85001299987957,35.669693000169175],[76.75797300001166,35.66112099983831],[76.69583900023048,35.7231179997099],[76.69051300010184,35.748443999863916],[76.60452999988628,35.763804999724925],[76.58425900009493,35.78097100017742],[76.56333200002153,35.813147999641664],[76.5852280000807,35.84131599999437],[76.57721700003341,35.86745500041021],[76.59337599953871,35.895724999997114],[76.57356999960177,35.92176799998102],[76.54635599949218,35.92007400006111],[76.51100899955287,35.88188600010358],[76.4689030001641,35.886593000296784],[76.42726899954614,35.85296299991722],[76.36681400011737,35.86395200016852],[76.36300699992205,35.82486700035048],[76.28366799963769,35.842253999731994],[76.1623909997691,35.82299799973162],[76.14257799968969,35.84765599976804],[76.16267399982031,35.918197999930285],[76.11698200026925,35.96870399987653],[76.10020400025184,36.01431699981442],[75.97548700019951,36.028622000281565],[75.94055799985318,36.08021800002531],[75.94055599979781,36.172923999903844],[75.73008299943741,36.283189000128964],[75.71415399986319,36.36048199999847],[75.68716500002294,36.398195000415605],[75.42811750102742,36.65628555345242],[75.15336300019402,36.79100300035351],[75.03690571184428,36.80553866463862],[74.99547900190177,36.832203825461576],[74.87780000002867,36.94539600009613],[74.84071125462457,37.01711853888027],[74.84223422786029,37.055133029120434],[74.80413325262047,37.051895033428],[74.78153714233028,37.023887207229855],[74.73212986536873,37.02789644165598],[74.69481629179566,37.09485334369423],[74.58583100011042,37.03399699997457]]]},"properties":{"pref":"Ye'erqiang","province":"Xinjiang","dynasty":"清朝","year":1820,"popdens":0.321,"popdens_max":0.7803}},{"type":"Feature","geometry":{"type":"MultiPolygon","coordinates":[[[[70.92947800011686,42.655508000461914],[70.63406215280887,42.90000561170986],[70.52913161143701,42.950877327446456],[70.43708253008548,43.0264588740079],[70.07174899996213,43.260149000232545],[69.83001399995835,43.47554000016044],[69.76542985492281,43.61591565620478],[69.75898534462164,43.69623826573277],[69.81693255992269,43.81730651459081],[69.9145875915192,43.93022228595804],[70.28774828322067,44.09734147243794],[70.89576500009076,44.301036000185206],[71.43556500001127,44.52668299970996],[71.85482699974723,44.77942799969925],[72.03188274548091,44.90496894911158],[72.20775500053597,44.9917060000587],[73.17620688216678,45.61359360249157],[73.44654912488306,45.76323312339652],[73.53839499006651,45.762678047742725],[73.5253600003565,45.75593199980496],[73.53270032702869,45.73658683186853],[73.5701659227525,45.74721130847448],[73.50424200063857,45.71676599983246],[73.51210953735978,45.6620431404348],[73.48272455026905,45.65941494580642],[73.44268000007743,45.68938399989057],[73.4181907394239,45.649655920655505],[73.42958899080918,45.5733729167981],[73.45269433554026,45.55827254896092],[73.51702899978613,45.563229000152646],[73.64033095965632,45.48311397381667],[73.67580144046914,45.38934241774359],[73.7445070743857,45.35125368917094],[73.69883700011061,45.36194600026292],[73.70355065944368,45.349293006151036],[73.82729185788973,45.30601319001139],[73.77731299987612,45.29468899956227],[73.79448014033805,45.2860791273092],[73.79045099941443,45.273331000216096],[73.86978154998904,45.249899581099164],[73.85625499956687,45.24248100022386],[73.87072800033417,45.21723900007015],[74.01153462384073,45.21273917565409],[74.0126791620081,45.20083215430127],[73.9611819999071,45.19390499978551],[74.00707524780854,45.168100368905804],[73.99907213059133,45.152191262459155],[74.03582799991901,45.13032499981704],[74.00795700006256,45.1339569999101],[74.00708000029925,45.07903700022623],[74.04486953548748,45.048334769514646],[73.98543058750376,45.03284932708097],[74.01156600043252,44.996715999855404],[74.08049800006094,44.98315400039994],[74.08690600043683,45.003117000138104],[74.12114090215096,44.94217705567367],[74.15164200023979,44.95080900004061],[74.14617900030873,45.00705000029092],[74.08890234597733,45.00988052758884],[74.05286327601318,45.05884101226462],[74.09285699973607,45.04938499961858],[74.15584047170529,45.080179742297354],[74.18200491435182,45.04996741718086],[74.18853817499235,45.06245956491854],[74.22190100019033,45.05340199971604],[74.1853940001942,45.094989999899255],[74.13888772656244,45.10888183203752],[74.1321902739908,45.234950945994825],[74.15557900009462,45.294010000439776],[74.14914597417093,45.364897996963336],[74.12374899965266,45.353911999771015],[74.12208124176145,45.322345599903294],[74.05324599971236,45.34209400030144],[74.08674923449722,45.363250653116175],[74.06862003071308,45.417397483881075],[74.08140272453367,45.46981799066801],[74.06365808607609,45.509869250546096],[74.16980438404183,45.5957414948106],[74.20026699305161,45.570101659892245],[74.25965070203313,45.60732455010414],[74.26349888353381,45.583293090160375],[74.27379069447387,45.62250005087779],[74.25918599960738,45.66854900015023],[74.2461632773273,45.659509848924024],[74.23779316579358,45.675489859495485],[74.24254618929952,45.699890768083634],[74.26384700015046,45.68390300051698],[74.29800070110461,45.686122801082675],[74.29739400017888,45.665611000395735],[74.32328569273581,45.65204146161582],[74.3460160394063,45.67947627472207],[74.33172893730475,45.704189924949226],[74.30258971570329,45.70247189197076],[74.25413930216867,45.73193104130219],[74.23590900026149,45.718234999661625],[74.2243647302887,45.7262464600679],[74.24750563805672,45.78037933576316],[74.27233899927981,45.7710950000909],[74.26366399962,45.73947499977366],[74.30308750910262,45.75452087564872],[74.2837000266353,45.78476649481296],[74.32054099981576,45.782630999700494],[74.28437518879187,45.830402403678214],[74.27188450549389,45.895419205124234],[74.23086649487053,45.93658826750332],[74.23492113530095,45.99011774573161],[74.33276663423297,46.03657798791218],[74.33982054035584,46.01492712716704],[74.43949987870221,46.046706395716434],[74.53031291956289,45.973679769674455],[74.55867559895376,46.01849291768077],[74.57332599941543,46.00514200012422],[74.59589124352188,46.024575022122896],[74.63091300055012,46.02367399998209],[74.6207601049913,46.05067311611555],[74.67698237520833,46.0855143533621],[74.66661799961965,46.072281000229076],[74.69992129931539,46.06826303309746],[74.71220399959334,46.03723100004228],[74.75584399960145,46.04079399989474],[74.76340481641648,46.07129442797079],[74.74921131499627,46.076257208268466],[74.73374506316657,46.05626131279718],[74.73194479561316,46.07332871069855],[74.70533157246388,46.07717693322132],[74.77683378714222,46.093825851462356],[74.80984500000056,46.12987099989504],[74.78548400035876,46.189475999784854],[74.8546075082204,46.2689969137001],[74.8544070499676,46.32154644279309],[74.88297299968846,46.40272900004905],[74.91126256770391,46.41544260373332],[74.99867065257833,46.3776081580778],[75.0372619994087,46.401081000143975],[75.05883085110625,46.45229936730832],[75.10657019228225,46.48222012453983],[75.1190280404739,46.475605029531955],[75.107444315586,46.4481662481466],[75.07588200010314,46.43354799992393],[75.12814062934336,46.43905917566639],[75.13863651557489,46.41720716117171],[75.17172999979334,46.41044599953207],[75.19123099983133,46.41637800010909],[75.19366396585222,46.4427734803475],[75.20923036581615,46.41026744715825],[75.27246695436362,46.444240439690816],[75.23072122547126,46.46404298880053],[75.27699999946465,46.48644300000061],[75.25498852566346,46.49952985909111],[75.33574967515452,46.5380438631158],[75.3535599216873,46.512333792092896],[75.34222899998501,46.50249837545299],[75.33137499991116,46.51834500006871],[75.31411000039583,46.50237999991012],[75.3302000003969,46.465328000321726],[75.35373548557315,46.480367526941556],[75.34884478100001,46.4441832568001],[75.40635362552865,46.48466823744417],[75.42587299953193,46.48201399993749],[75.41904399990678,46.50534400012861],[75.44973351936669,46.47613282406124],[75.4655690003149,46.480529999995255],[75.47929399992995,46.50791200041839],[75.45070248755562,46.510909873339926],[75.43179300006965,46.53844800014515],[75.39080800013684,46.555694999952436],[75.39237709603208,46.6052975744698],[75.44424790204027,46.65581120920051],[75.46945163711592,46.64222060054439],[75.44704400012941,46.66157500036823],[75.4921229534344,46.67877641674633],[75.51709436861483,46.603232598495126],[75.49105099947533,46.63950299988548],[75.45371200022093,46.60808200051552],[75.57694999953455,46.509159000084],[75.511474999567,46.46872300021389],[75.55666231174635,46.46836190378151],[75.58381473201142,46.49086553312503],[75.5957634997187,46.473380631471876],[75.61659831138921,46.49084093046599],[75.61631799974278,46.466946000058954],[75.65566632170457,46.47092365430994],[75.6669919998363,46.509681999523],[75.69682769190638,46.53028457362844],[75.72556252812169,46.50964544677883],[75.75845300055686,46.519038999853926],[75.7400280003303,46.49902700013419],[75.79788200007859,46.52155699967711],[75.82215533295872,46.50045199940527],[75.8732300004291,46.53617499970047],[75.86163969972023,46.555792093629606],[75.90225755318879,46.53727211430881],[75.91970996220051,46.55300575587465],[75.9478991066658,46.53652204938294],[75.95885286011223,46.504120973858164],[75.92567515967536,46.52794665434923],[75.92333200037183,46.50155600036601],[75.94558700044375,46.50117500027992],[75.9763466440779,46.47035406865287],[75.97539797074481,46.51326713869214],[75.98384899979872,46.492442999939456],[76.00389907209014,46.4984437595803],[76.02042399940115,46.48233800022801],[76.01918008196215,46.497420058360305],[76.05802680322005,46.47417502904085],[76.0642090002559,46.44885300010549],[76.09598499948402,46.4506450001112],[76.11547900030467,46.487736000318336],[76.13758816342586,46.47779601097804],[76.12209764157944,46.50025780908135],[76.18784596251956,46.45546475560925],[76.20328000606301,46.4895773587853],[76.24676167912759,46.486373010706856],[76.24852532057415,46.52350336073636],[76.26655600039173,46.49709700008651],[76.32816871155144,46.47745413317671],[76.34516100030066,46.48921999983653],[76.32124209661231,46.51178467947026],[76.3644381652579,46.497227523340904],[76.36223220079593,46.517335445330176],[76.33856472875966,46.51130808186887],[76.34053799996664,46.53657899982213],[76.31238599965594,46.552409999588875],[76.2997739999117,46.55139500013673],[76.32770354025385,46.53249526652247],[76.32509860875861,46.51939771162077],[76.29515106970618,46.518807769043576],[76.28327200015602,46.538302999782246],[76.27973381663574,46.5273492767828],[76.25465399967031,46.56486499988719],[76.30197177717342,46.5323002491395],[76.30421399936624,46.54175200022078],[76.24765035522435,46.57844799706919],[76.3932500004806,46.53876099983268],[76.59526145186835,46.52289820247346],[76.60103599967759,46.504786999586734],[76.62433600001752,46.534893000035574],[76.74811599958564,46.51999300017829],[76.78568100925841,46.511515464182054],[76.81558656034102,46.479797371038096],[76.85184331570314,46.478439315481126],[76.84684800008614,46.46669799989147],[76.8901749999627,46.46628599993461],[76.91012599995243,46.43786600043502],[76.90504656536329,46.46893539292338],[76.92594062882817,46.47052013864387],[77.11056746022702,46.4367676618284],[77.12601642967704,46.46609670594848],[77.16412521018287,46.48711921400474],[77.14732310835541,46.468709726964825],[77.1983639271879,46.46937145283067],[77.2331620000742,46.44578200008889],[77.40883700302697,46.50166208964235],[77.5246344909134,46.43885267698498],[77.56481899982289,46.389312999649704],[77.58140814783864,46.39846514794484],[77.57000700022517,46.35604900039453],[77.59251897571946,46.41904596037824],[77.64071019863869,46.409610586377184],[77.62692065133376,46.397401691526206],[77.64516050187875,46.39055516088115],[77.66280351137954,46.41180877875911],[77.68443990758715,46.409704232759275],[77.6676362438056,46.371535853075095],[77.681258999728,46.36969400017852],[77.74571999958266,46.40669599975576],[77.77714344301668,46.40597727550546],[77.72511300036855,46.367820999892565],[77.7518266184045,46.36599672376909],[77.73500636515809,46.35453999229443],[77.75794999972489,46.349254999993285],[77.80362122088498,46.3892993852316],[77.82737700025831,46.36483800014607],[77.85231760221977,46.38433017211968],[77.84950999978763,46.36478400016648],[77.86288508091884,46.363153445434335],[77.83963800049546,46.34465800013597],[77.85905487691693,46.34233810120698],[77.8941398451892,46.37152466013055],[77.8868029995485,46.35880999980615],[77.94065742903733,46.36834737423602],[77.89513399930085,46.39962800015078],[77.88449975202849,46.38796706331017],[77.84078441787388,46.39664071016037],[77.87377110493448,46.41544897951226],[77.98950370660607,46.346429312292194],[77.94945854570496,46.32151323204754],[77.97281600018975,46.306755000000486],[77.99450586587771,46.340109893104284],[78.03042600014702,46.32341800012062],[78.01445939267842,46.306228139780096],[78.04493000016797,46.30361600022435],[78.03862576460574,46.31671305268294],[78.15710100900887,46.30663537365421],[78.18250299967748,46.32117499990711],[78.0729220002864,46.32807900027677],[78.1252812790927,46.33702749209603],[78.20548175166385,46.32263653569046],[78.26990039279966,46.33453127463085],[78.26786800034824,46.348667000271504],[78.24537920624708,46.34847812471872],[78.33990335715032,46.35499268671884],[78.31757400050967,46.32194099981746],[78.31869500013973,46.24733700007435],[78.39862799940578,46.197788000091975],[78.40578500015545,46.17882899963905],[78.47475399991227,46.15858499983181],[78.48651900015388,46.14017099986437],[78.64713300020782,46.13456000007992],[78.70897700034993,46.1709059997386],[78.7436369997038,46.172134000048516],[78.76284799953042,46.19465299972552],[78.81814600038662,46.19888300041119],[78.82576000016637,46.21466099996404],[78.8737410002401,46.22756200022131],[78.92656699977691,46.21374100038781],[79.00450100028462,46.22058500050503],[79.04108400015858,46.19626200014504],[79.04689000028931,46.21369200003061],[79.08953099969438,46.2248540002303],[79.10818499968694,46.208664000100214],[79.19149800012407,46.19803600030641],[79.2234799996059,46.147488000163136],[79.29386899949034,46.11915199983291],[79.3169479996579,46.12863499958655],[79.36724899970318,46.10096399979972],[79.4364470003357,46.092083000411805],[79.53063999960399,46.10732700008935],[79.54765299973351,46.08036000003974],[79.58955400019948,46.077633000403175],[79.66838800021246,45.992869999901366],[79.75050400029495,45.943634000525655],[79.78282900043834,45.94556399999637],[79.83066600019114,45.912280999622176],[79.9494929997551,45.924633000022716],[79.96552300002377,45.912292000247014],[79.9523700001307,45.86496400022571],[79.97091700002962,45.83991600033178],[80.10379000003404,45.85290499978077],[80.16886099980564,45.84347899987734],[80.19516800065624,45.85563299996841],[80.27737399969035,45.74459099994683],[80.28977200002888,45.69661299995302],[80.32931499959429,45.66002999982333],[80.45359800001488,45.622112000059445],[80.56150100011334,45.533019999761684],[80.68489799998098,45.54095499993431],[80.73594699999128,45.529110000306574],[80.84161600006512,45.42895599971944],[80.86408300031617,45.36993000027998],[80.84295500033936,45.16367399981954],[80.85697900008402,45.12566800025751],[80.89991000022091,45.12779200020999],[80.94386300008222,45.163361000048376],[81.07373800000119,45.177176999838146],[81.11652400007569,45.205073999948475],[81.10969600029117,45.221625999822386],[81.16309400005574,45.20702000032653],[81.16653500013507,45.224556000321066],[81.22833299961171,45.247245999872],[81.26880700021334,45.23653799978896],[81.37155899984873,45.25530199950992],[81.41243800040601,45.28094499987861],[81.45903800027483,45.26216900050039],[81.51695199964179,45.282253000066575],[81.54229800035657,45.30816300003856],[81.56919099972792,45.30788400005659],[81.57678200027635,45.333954000339965],[81.63229400034672,45.357315000064425],[81.72387699996203,45.363894999805105],[81.78050200066303,45.39110599996698],[81.8182300005563,45.359058000046936],[81.97444899933603,45.28994000024102],[82.01769999944412,45.240406000275854],[82.09379600015883,45.247993000148774],[82.08197799984652,45.225184999905665],[82.10072299940005,45.20636700010615],[82.28973400048164,45.24388899976693],[82.43376900051496,45.178791000225],[82.5751489993006,45.20647400010704],[82.61168799977126,45.19489500009797],[82.63651300056196,45.12937900008688],[82.5767503510678,45.044142489747756],[82.63859599991807,44.976849000422234],[82.69437042391758,44.861176232954655],[82.74281430280419,44.85533014820964],[82.73217000049375,44.83232900016596],[82.60636100040986,44.74382800031623],[82.61003100052625,44.73072800011159],[82.53991700029789,44.710800000428996],[82.53402699953085,44.68187699980534],[82.49875599993165,44.69121499958122],[82.47962199967262,44.67693299953499],[82.35294999980947,44.70438600005041],[82.22391199973497,44.69394599976713],[81.97488599999626,44.56478399978732],[81.94489300016392,44.5058930003806],[81.93226199995784,44.38205400027752],[81.95879599992938,44.32174300005514],[82.01981099993026,44.255169999532804],[82.03067999946616,44.19013899995547],[82.13161500024096,44.142036000286126],[82.33143499992873,44.13316700037369],[82.5098660003501,44.08777199967676],[82.59408699983885,44.08177300015805],[82.6655260003753,44.102572000405615],[82.77792599977032,44.08315799978478],[82.90295300004928,44.027746999971306],[82.97147400013074,44.0213590002032],[83.03364500030415,44.039613999703576],[83.08021999959729,44.07574899965482],[83.19237699952193,44.08060700003162],[83.3169969995293,44.05391000019703],[83.42588600016788,44.0113330002159],[83.91948000031047,43.907076999946476],[84.43483699966541,43.74639900016679],[84.61882600038092,43.67043600019429],[84.76925099968959,43.62825699975999],[84.91047199991621,43.49167599953828],[84.89799200020654,43.38183400010812],[84.86030700038702,43.35540299993377],[84.66146100012998,43.39827000020014],[84.5783779996818,43.39918499953525],[84.47599899986648,43.36205800029131],[84.42586200026082,43.317635999943704],[84.26830200005863,43.271823999796126],[84.22630900014924,43.15095300043072],[84.18604100041242,43.12431099978803],[83.75375600001172,43.06803600021687],[83.51845099993973,43.12673199986305],[83.45100700057617,43.104299999798],[83.35290800015748,43.00102900002837],[83.17573899947202,42.97374399990484],[82.91922299994381,42.97043100004976],[82.77937599970902,42.9000420001738],[82.56042900045664,42.848980000144806],[82.551960000385,42.797320000172526],[82.70184200000728,42.72904199989708],[82.72445699996318,42.59468199980733],[82.77949399992772,42.54575200035907],[82.80738900010559,42.471968000168474],[82.73477399987412,42.46922499969052],[82.64431200000601,42.43939100016655],[82.52637899990067,42.43612100000248],[82.16893500021642,42.46130999983072],[82.09731099976713,42.41329600012674],[81.97060900009787,42.40029899969845],[81.71651100022886,42.40520100034849],[81.66243399993867,42.39304699968284],[81.5854279997587,42.340092999513516],[81.38032700014082,42.33160099993478],[81.20674500041825,42.37047999995572],[80.98402899976895,42.56934999966949],[80.80551399995534,42.62765599964418],[80.71755399997109,42.6253259996555],[80.55433199974891,42.60958300035113],[80.53596500017667,42.55072900024904],[80.54781200037797,42.43218699981982],[80.50369800006456,42.40624099986831],[80.4316560005184,42.39514700002526],[80.287738999654,42.31449699981769],[80.22526700020593,42.29682400009058],[80.14514700000431,42.32563599959738],[79.98413199996521,42.44363000031719],[79.91946699965935,42.46159200025033],[79.80652200011723,42.47554899981367],[79.41312999991645,42.46739399988836],[79.0903250000163,42.36649400017637],[78.61011900008171,42.245913000305144],[78.49661200028935,42.19551800043286],[78.37101200062959,42.001293999944856],[78.32099399966862,41.843938999555796],[78.32094199983288,41.6629699997085],[78.22242099992964,41.52218999976083],[78.17583299979125,41.47690099969138],[78.10221400016901,41.45156899990629],[77.90422000028838,41.438399999677614],[77.83077200014662,41.41287100030603],[77.77470400023635,41.37161200009358],[77.76580400003245,41.33301799968215],[77.73066799958104,41.30482599995121],[77.53398799977887,41.2838310003363],[77.49562300020214,41.257741000279005],[77.41173300036073,41.24555199981081],[77.2928340005045,41.26684999975439],[77.2590790000757,41.28613300041599],[77.26730300010047,41.304957999689094],[77.23261300027659,41.32875100030371],[77.16069799973648,41.30152899971592],[76.93147300035116,41.32666000025802],[76.76692200042201,41.30115499990287],[76.62296300020651,41.3192670004685],[76.55741900048629,41.3057479998074],[76.46760600018416,41.23417300038301],[76.3781430002186,41.245319000483704],[76.23301700013265,41.23022500030613],[75.87706000001643,41.1562650000221],[75.75588200008376,41.17215699988665],[75.67861199935143,41.334061000140714],[75.62667100021504,41.36588699976926],[75.36779000021407,41.391758000448036],[75.2333219994626,41.443928000016264],[75.11598999971505,41.422276000188866],[74.79972100008695,41.409058000322815],[74.74306499984505,41.43290700005387],[74.62357299990668,41.40042900009014],[74.61184700006972,41.42279399966676],[74.58350400029332,41.4320409999258],[74.47000899961286,41.443569000210836],[74.42267599949933,41.40920600019273],[74.37840300018436,41.40206100011642],[74.37685399947658,41.379635000027505],[74.26126099934886,41.36880900019973],[74.21446199992974,41.37432499969289],[74.19007900020009,41.40020400046036],[74.09528400005577,41.40097400013525],[74.02385699967404,41.41973899990139],[73.93162500034573,41.490622999933215],[73.93958123028139,41.60911421473267],[73.87917420763696,41.71311168981024],[73.84769399984063,41.70863700027608],[73.81533012104659,41.7290837467098],[73.76922600018702,41.72258800007212],[73.76219762463501,41.738107114339094],[73.59580063806095,41.80297531089106],[73.61521942112722,41.84524176653229],[73.67864199973536,41.84688400008759],[73.74520999991192,41.889324000083114],[73.74120268296569,41.98369185774417],[73.69303589969765,41.99946671512118],[73.48884037795243,41.993632233704645],[73.40763697058036,42.011632038393856],[73.30237702208731,42.078712609426766],[73.09793849072413,42.10472857191962],[72.96070083814661,42.102024250684735],[72.89216442527443,42.067844095399494],[72.8243490001507,42.058022999677256],[72.76076394742216,42.07779434485164],[72.68595312210083,42.13222538727138],[72.48614870257927,42.175953244158016],[72.40590615121171,42.17639441575064],[72.33584900020631,42.214593999791255],[72.27487641774545,42.22052336296722],[72.22232200025499,42.19961400036849],[72.18994200056783,42.16711599993616],[72.20188566405574,42.10570475114529],[72.15621893243296,42.06028574059416],[72.06050814656321,42.07207655504667],[71.55647099962934,42.20997799991894],[71.25232855084039,42.222377327675495],[71.11173676146318,42.294369389251145],[71.01966100010503,42.29235800000508],[70.92862279685475,42.26509573239062],[70.87473699929237,42.27197200015039],[70.84742599970664,42.33616999962623],[70.9558495665312,42.47752805520544],[71.02034300017884,42.45176599969491],[71.09124600049898,42.47011299976474],[71.07437219726135,42.50698305501378],[70.92947800011686,42.655508000461914]],[[76.78262731678203,44.24260335317322],[76.75477271924794,44.265319575104996],[76.7482001358516,44.293769546341046],[76.65956356846216,44.35154846015308],[76.68542995228802,44.391616588732006],[76.72581990027484,44.385741423502935],[76.73884966532506,44.40142666913825],[76.66432930423353,44.51091482849044],[76.63167572965456,44.527634671638054],[76.63536574451517,44.58808981009698],[76.57312317630749,44.624357819538965],[76.53347000053829,44.63254900011964],[76.52091943819292,44.652666427398024],[76.45717784945398,44.66304466935144],[76.50573700018181,44.65280200025494],[76.52650181015134,44.62874367406647],[76.6258973514147,44.58790300737599],[76.62518679222708,44.51749853930078],[76.65059570807524,44.51564739397017],[76.72889727843925,44.40688565998285],[76.72057300027501,44.39228099970661],[76.68224920396956,44.401416935857526],[76.65515100051273,44.34329199974143],[76.74141763854573,44.28131649044466],[76.75627604846987,44.24053084387062],[76.88337699970717,44.24177900022374],[76.90326056376733,44.20843427083742],[76.88937079238387,44.18888751642031],[76.94522916982716,44.16834397590579],[76.98018372247196,44.12806404773161],[76.98699378701887,44.04679037228014],[77.02273599957104,43.98886900018691],[77.02850837669314,44.0072060357065],[76.99639900026918,44.04882799981569],[76.99297299989249,44.1219060003313],[76.95798787686195,44.17093624221841],[76.90216100046702,44.18838099998121],[76.91399004634569,44.214952289197655],[76.89446299982514,44.23977300034303],[76.81571235587668,44.25451290937251],[76.78262731678203,44.24260335317322]],[[80.16961699950225,43.772446000035494],[80.27078172839559,43.75710411322096],[80.27359178094879,43.774845261818434],[80.3125834582027,43.76142316015286],[80.32836399425425,43.775777516272974],[80.37872299998824,43.77530700007789],[80.40810590942432,43.78254071461458],[80.42162299934216,43.802204000256154],[80.43441800038036,43.796557999724804],[80.4220960005902,43.77901800004806],[80.45082253671765,43.779535156300334],[80.46286000028907,43.79590599974896],[80.47156976447762,43.7793939835442],[80.49654797126824,43.78523224090061],[80.49252300039295,43.8018419998425],[80.51139799971374,43.82158699953362],[80.482544518559,43.809092083406654],[80.47954600045749,43.78778100008148],[80.45779913287076,43.802553324645174],[80.42914608411422,43.78175408174509],[80.44309057375627,43.8039989378633],[80.41715820216197,43.808599128925806],[80.40731000061571,43.79071800000657],[80.32218713166714,43.780279978013795],[80.30844655202176,43.76608913429673],[80.26665138611112,43.7816298311096],[80.26000769384265,43.76546326732777],[80.1934500880548,43.768929751595024],[80.17510253649591,43.80959769930773],[80.13054007355059,43.79053017375952],[80.11670699963872,43.80574800021672],[80.09579966216567,43.806892203285024],[80.08017130860782,43.78542831761122],[80.07263899999941,43.8049349995633],[80.04636281390536,43.80404396275212],[80.04852608210318,43.818034814869165],[80.00153950183385,43.81988642125331],[79.98642156932583,43.81194916152318],[79.95733193035613,43.82937235774834],[79.92098278944829,43.79913580129025],[79.92882751050104,43.823544001479874],[79.91568988990393,43.83291778571488],[79.87474100069971,43.824187999771915],[79.83050588716976,43.859314121068756],[79.77539862763633,43.874086504585414],[79.73247513193002,43.90041172347888],[79.71630745838203,43.93531956413314],[79.6903629115122,43.93142697590648],[79.58343440443176,43.97637430630808],[79.52090499994084,43.98058699991596],[79.50230574712828,43.97583953977323],[79.4958836490861,43.95422269611046],[79.30271100055424,43.905880000032155],[79.25093696340743,43.86301458700725],[79.20911306608127,43.874232609372356],[79.14039321952926,43.83770970254794],[78.8612042788316,43.853187093293386],[78.82637147345349,43.839341073263604],[78.77110896041718,43.84845441477372],[78.62580900008935,43.8241500000958],[78.37396299960933,43.872912000233946],[78.48041310018802,43.83358864813227],[78.52843845745193,43.84037315678739],[78.62052388059386,43.81949148853111],[78.9853385482477,43.84359014150684],[79.0144061525894,43.826834486796706],[79.12668464641722,43.82496207258343],[79.21227999996933,43.86266299999597],[79.25295838021914,43.855384734627954],[79.30216607269419,43.89735431760128],[79.4137365137204,43.91820472844628],[79.44082813230024,43.94022707322653],[79.50461086179642,43.949625544507555],[79.52520918776167,43.973666041186725],[79.59064722786889,43.96419045724414],[79.6816544306338,43.925006340372654],[79.71357699977139,43.92711299967977],[79.72084792225168,43.89057083471806],[79.82319241079638,43.854102852593606],[79.86581751023346,43.820967875100735],[79.91661851246867,43.824220932003456],[79.90863724167781,43.79868282967288],[79.9251274790227,43.78884075564033],[79.96480599959538,43.818081000292935],[79.99471999994202,43.796623000000416],[80.00550348080515,43.8150414594264],[80.04571291678222,43.79192714213012],[80.06455471677934,43.800304815186735],[80.08712177558226,43.77676300969909],[80.09994499937925,43.80213200005327],[80.13414799977845,43.783423999768914],[80.17322590048396,43.80074750173264],[80.16961699950225,43.772446000035494]],[[70.72874207570645,42.95808955269447],[70.758986999624,42.968184999791234],[70.72348616283666,43.031771948646146],[70.73793593191985,43.101061103496534],[70.71596500060552,43.12144099993075],[70.6535074180467,43.10336616833276],[70.70296499953815,43.05561399999927],[70.66004899991582,43.03582000003784],[70.64487876127383,43.002325800273695],[70.72874207570645,42.95808955269447]],[[75.24354425992502,45.216303761789106],[75.30630651275034,45.15445765605148],[75.34150002751447,45.15619520781511],[75.33822046182306,45.14631286241511],[75.39710681703315,45.11662098539733],[75.41466944940734,45.09632744167082],[75.4328737073827,45.08559579810846],[75.42222345048464,45.07187778260591],[75.48486139460078,45.03457887849659],[75.52772321874988,45.02096734477418],[75.54461114795174,45.02904815708991],[75.57119649830157,45.000986539379824],[75.70772296776065,44.99870936571084],[75.72436846636995,44.979479190692665],[75.81024200035206,44.94586899974091],[75.86144130737806,44.899285887699236],[75.92522000602759,44.899320107508956],[75.99718775715198,44.8498823678759],[76.09065025947346,44.81546715328662],[76.12179599938813,44.81289700017975],[76.15812013537294,44.82403134797933],[76.17365170696179,44.80762963988483],[76.24885600022867,44.80026199965198],[76.2701763263735,44.782412169180056],[76.29541000001333,44.7814869997402],[76.30680795991177,44.75487099324499],[76.34585587977433,44.74764906110236],[76.37080007370885,44.701481331362665],[76.38717455794959,44.70288737983654],[76.35861990934077,44.74751416083213],[76.30755599943326,44.76259600010078],[76.30402555663748,44.783039472077526],[76.25423939282393,44.80417151955882],[76.18609472006239,44.81067797419774],[76.15465640183194,44.82962300596357],[76.10111920339851,44.81746283222027],[76.001565946374,44.85597100208627],[75.99005132383613,44.8878547976976],[75.96011860554539,44.87937483581719],[75.91729014838916,44.91425414232223],[75.87635000044136,44.900146000233825],[75.8057323160423,44.95632366431166],[75.73265100000002,44.98223899992464],[75.70829404525975,45.007445219317006],[75.57849828492317,45.00730326006551],[75.55410800018457,45.03386699995866],[75.48845791879916,45.040950128225624],[75.42892356561939,45.07919464026565],[75.43826299939813,45.09214000012642],[75.36869486406822,45.14637780007452],[75.33755593989065,45.16323143791236],[75.31654577837625,45.15964768807717],[75.23081999983646,45.2266119995845],[74.99999999968921,45.23136500002234],[75.24354425992502,45.216303761789106]],[[75.26901248105504,41.773921647528155],[75.33624699960924,41.76623699992638],[75.31065000025075,41.829945999800955],[75.22215915073525,41.88763732604945],[75.1255060001559,41.9108210000985],[75.05289946181529,41.897573859614354],[75.02818299987548,41.84402100027939],[75.11013420517217,41.75202168737374],[75.26901248105504,41.773921647528155]],[[77.37703393425042,42.68775269402188],[77.24351226412142,42.66669492815863],[77.22271351551068,42.63973725621021],[77.09819000007721,42.64469100038415],[77.07930995442555,42.62826078110929],[77.06265299987774,42.63868299973739],[77.02612579947323,42.59855176033216],[76.99932835560288,42.62015150221857],[76.95219790493113,42.59975332750347],[76.77831300018109,42.59113300011241],[76.74868628353116,42.56779630449641],[76.64443517078779,42.55606595261773],[76.62203575379708,42.51586516758748],[76.48330535366208,42.499283437477835],[76.46516785903904,42.47583894167217],[76.3062735298358,42.48028669701433],[76.18087423577764,42.44933264029075],[76.19301068105919,42.41677161175633],[76.21991277840361,42.40051234892293],[76.2009472072646,42.377502437931625],[76.22744727098484,42.37084492017399],[76.23195599972023,42.33643299954713],[76.26171128149458,42.32104313260903],[76.29633299948502,42.31562400017627],[76.39134923568828,42.34859201392528],[76.57481891430957,42.26882736445195],[76.70444607352728,42.259835202480275],[76.70090500040313,42.2436980002764],[76.74069199990619,42.257308999574754],[76.822418978206,42.21131939773692],[76.92895522113201,42.1953414034425],[76.93048899944934,42.16347500015366],[76.95334279676702,42.18824448002143],[77.03960079439726,42.1718347445494],[77.05534912191078,42.154380633612675],[77.29278677871963,42.17696595322074],[77.43895829134489,42.17399669284658],[77.51150835842266,42.1529129407735],[77.54311400024883,42.18141599995877],[77.63285800039964,42.18580999989655],[77.6930774491672,42.212117509625294],[77.71696431576028,42.24674151608685],[77.80229002041517,42.299899692209515],[77.83714939961877,42.35520086468769],[77.87399299962557,42.3604469997629],[77.88772677031746,42.37851575933886],[77.90594500007785,42.36376599982799],[77.91785400017635,42.37445400030579],[77.87117800034703,42.400813999900784],[77.80255899994953,42.39998599962652],[77.80308499999111,42.426071000042775],[77.91834300043814,42.46648800016715],[77.99082685751335,42.455864620789036],[78.09246800040891,42.53040699971632],[78.118664934174,42.575678914004264],[78.18138637707209,42.57234952953073],[78.20335631911793,42.549548514907784],[78.20329937044332,42.5688527094014],[78.2198138070452,42.56728944581373],[78.23870800042968,42.55065899971039],[78.2379258088906,42.567772253711766],[78.27763400028454,42.56673000012041],[78.32349205117609,42.592759972539525],[78.31162081444697,42.60811533295127],[78.2526858119367,42.58416439195993],[78.10479928516672,42.59128125336629],[78.07400500052455,42.60967299975303],[78.07926899978548,42.64800299978863],[78.17262449822891,42.69422166248899],[78.20033060386264,42.733566876055114],[78.28769342715725,42.69143532058409],[78.24439452077935,42.72387184361335],[78.27675599999432,42.711719999841435],[78.25150856127998,42.73347526581156],[78.30485500027353,42.73839999967604],[78.31074052203658,42.75150986877295],[78.27299878157034,42.75108326806935],[78.25817099981771,42.766982999666766],[78.25511643576607,42.74953360187715],[78.2341434474971,42.744055642618],[78.2450416991964,42.76443845926612],[78.23528704650316,42.771334587808774],[78.2166052179938,42.74354461465583],[78.22617299991298,42.76742200037967],[78.17695852171155,42.736347603427205],[78.12418399992391,42.747554999569346],[78.1046695517105,42.72954442874914],[78.04184247375764,42.73096374604536],[77.99449683923443,42.712335004497156],[77.83733400010267,42.71785400012799],[77.79455600027744,42.73377600008094],[77.50395965203809,42.653663227516184],[77.40990847667645,42.66291534770194],[77.37703393425042,42.68775269402188]],[[81.3872870507179,44.58137750705016],[81.3489219533665,44.63761347517451],[81.23499699965883,44.66732799979596],[81.18199001594897,44.7001274304187],[81.13291699989915,44.69698199959496],[81.1040164742677,44.66641915358452],[81.04591700034305,44.640997999919136],[81.03188632470359,44.59758672708992],[81.05190705655922,44.551345338624756],[81.14482901765733,44.48249201872165],[81.1986362846012,44.472308802575974],[81.35968399970638,44.543853000309255],[81.3872870507179,44.58137750705016]]],[[[73.75390599984755,45.352299000351934],[73.77204072478871,45.35111125966273],[73.7445070743857,45.35125368917094],[73.75390599984755,45.352299000351934]]],[[[74.6994357740233,46.076715564545424],[74.70198838928924,46.0801787924334],[74.70533157246388,46.07717693322132],[74.6994357740233,46.076715564545424]]],[[[76.03264455530356,46.50400155000332],[76.05006715675025,46.49431127208456],[76.05802680322005,46.47417502904085],[76.05314599989151,46.480250999906765],[76.03264455530356,46.50400155000332]]],[[[76.0792502932808,46.461634503948176],[76.08601847900925,46.468619934072684],[76.09611661090706,46.458828615011214],[76.0792502932808,46.461634503948176]]],[[[76.324143707488,46.48655292074319],[76.32650742615587,46.48933928859805],[76.33194331972412,46.485783893528115],[76.324143707488,46.48655292074319]]],[[[76.3186224824431,46.48815651090212],[76.32002478112194,46.49129982623243],[76.32309971311102,46.48843985809929],[76.3186224824431,46.48815651090212]]],[[[77.86931766263032,46.369131384558486],[77.87652997383172,46.37941148825548],[77.89148359615722,46.3812900871076],[77.86931766263032,46.369131384558486]]],[[[77.91288291886131,46.373189088446374],[77.91290300022965,46.37771200033544],[77.92219389995695,46.38052384101522],[77.91288291886131,46.373189088446374]]],[[[77.81581575195517,46.39495837755776],[77.82031753608577,46.39177786934606],[77.81532464597412,46.38931300008154],[77.81581575195517,46.39495837755776]]],[[[77.79531282393371,46.427467305185516],[77.86657192438999,46.417254135627545],[77.74833041212662,46.41629445680441],[77.79531282393371,46.427467305185516]]],[[[78.23891495749837,42.73191850022997],[78.24224899944987,42.73536699995943],[78.25150856127998,42.73347526581156],[78.23891495749837,42.73191850022997]]],[[[78.8251668057042,43.838639158481115],[78.82443200014383,43.838210999897015],[78.8235172567841,43.8382939454427],[78.8251668057042,43.838639158481115]]],[[[80.04760596146144,43.80130532575659],[80.0404536760006,43.801840355069714],[80.04636281390536,43.80404396275212],[80.04760596146144,43.80130532575659]]],[[[80.32910200016272,43.77599699986924],[80.32836399425425,43.775777516272974],[80.32811793991993,43.77595689118758],[80.32910200016272,43.77599699986924]]]]},"properties":{"pref":"Yili","province":"Xinjiang","dynasty":"清朝","year":1820,"popdens":0.0363,"popdens_max":0.0881}},{"type":"Feature","geometry":{"type":"Polygon","coordinates":[[[97.19068459174929,39.09931066602199],[96.89747447258374,39.21833670582144],[96.91939353701875,39.36461112889815],[96.97700859101033,39.525419759282144],[96.97073934370276,39.64014107914992],[96.91791788526812,39.70212121105297],[96.87577899867813,39.80322806691335],[96.80631843334368,39.87599252066375],[96.80477338303041,39.96488100960615],[96.75393118602585,40.034993146396914],[96.71508198608602,40.12693463924418],[96.75308016785796,40.198907493656556],[96.86989382756529,40.344901866163354],[96.95974746276616,40.43185557452114],[96.95851421031342,40.52443267342178],[96.99641637938733,40.59395213804381],[97.1347762217615,40.59422309994341],[97.28660799438657,40.55935298126059],[97.45113859096716,40.602243064596976],[97.51986724706556,40.63741834419158],[97.53792156509067,40.67114152761085],[97.51176281807965,40.71611565358998],[97.35579809899926,40.76176473478844],[97.10153856023791,40.71471776961819],[97.30215551299503,42.24712897971296],[97.80279081835394,42.30847411777512],[98.30701676527872,42.33600015144937],[99.4890007882875,40.48980970027775],[99.54867611715093,40.31612053003264],[99.53022949897644,39.92994133160398],[99.56171256368678,39.87604287821997],[99.75050780751417,39.72429123935354],[99.78216810607327,39.67791744259494],[99.78472963098508,39.579653501374025],[99.69015198705995,39.362632934471996],[99.68182431734787,39.12860889778124],[99.6467145234551,38.96965226119907],[99.65096108753997,38.850557318803794],[99.5929848860814,38.56217398403353],[99.14348947784069,38.860314740098396],[99.11623134820812,38.90653456108913],[99.13167805688349,38.962670437363776],[98.92148713383256,39.00653695152318],[98.82527909386103,39.08743782137217],[98.69700138683352,39.069982568732605],[98.41216256948556,39.132232145862446],[98.33253843616764,39.15964893284863],[98.19931871623128,39.23712683937441],[97.96940687870122,39.057281717056405],[97.84401226873696,39.002121489379746],[97.76028835065053,38.98964169191029],[97.4842319264273,39.09719678044529],[97.39784978383008,39.11091579921601],[97.19068459174929,39.09931066602199]]]},"properties":{"pref":"Jiuquan Jun","province":"Liangzhou Cishibu","dynasty":"汉朝","year":2,"popdens":0.7917,"popdens_max":2.2245}},{"type":"Feature","geometry":{"type":"Polygon","coordinates":[[[94.15449732205268,39.854072940231106],[94.08414894727335,39.93536867844192],[94.03135585681603,40.108185168242585],[93.94756863496761,40.19889583434773],[93.8880481632772,40.30778941223673],[93.73016117924332,40.468222814742774],[93.70106668652018,40.77551520984865],[93.70612074612482,40.886094514369155],[93.73647334980068,40.93470831440387],[93.95317629407998,41.04023067920658],[94.13649246174096,41.24643163715173],[94.57770609010953,41.511788554786875],[94.68108820885118,41.61164027370609],[94.75874212653969,41.65712754928018],[94.96116719454241,41.69167655654849],[95.11666579723754,41.76191095733226],[95.24777444970461,41.79446463240524],[95.81976490342197,41.84292952188425],[95.94471567019673,41.88326426446231],[96.18273044574077,42.00150147956158],[96.21861280105817,42.05940423543061],[96.14079685116944,42.27628465053207],[96.1204112961491,42.593291973383145],[96.15591903536749,42.66399198467639],[96.21976443785235,42.70659535549373],[96.3897592872444,42.73081144589742],[96.37375661238178,42.66929452759487],[96.37997031432626,42.60733111880324],[96.43908281490361,42.52173708673195],[96.52964675772739,42.47649034443339],[96.67491709947225,42.439311046936616],[96.93016493352306,42.24053322928972],[97.04783899878623,42.218418438660606],[97.30215551299503,42.24712897971296],[97.10153856023791,40.71471776961819],[97.0130960224536,40.71612917035952],[96.86237234622611,40.752517254095935],[96.73337591789738,40.73119822997449],[96.60377395270335,40.765093508647205],[96.34709559071632,40.72000006580376],[96.31821558344998,40.70326796314078],[96.38615709328649,40.623209367973],[96.45884964360563,40.59593081861502],[96.56121118663147,40.58524438045437],[96.78326078358909,40.59548880275842],[96.88613537225162,40.57820134968352],[96.99320348745312,40.5913670397949],[96.95851421031342,40.52443267342178],[96.95974746276616,40.43185557452114],[96.75308016785796,40.198907493656556],[96.71384899375595,40.12013038447975],[96.80477338303041,39.96488100960615],[96.80631843334368,39.87599252066375],[96.87577899867813,39.80322806691335],[96.91791788526812,39.70212121105297],[96.97381628686061,39.629520209309085],[96.97700859101033,39.525419759282144],[96.91939353701875,39.36461112889815],[96.89747447258374,39.21833670582144],[96.83060207514522,39.251759551917175],[96.75514319007745,39.32122799973189],[96.54928383738856,39.38195971354798],[96.499699213899,39.43334162956411],[96.4319963466543,39.464067487206236],[96.2017934565752,39.47715781914252],[95.79006045622498,39.54234646308002],[95.60989429459609,39.55432032209099],[95.07591155022654,39.54611532225198],[94.6822831256323,39.310054720411785],[94.5746992580995,39.305764442878676],[94.50315467982303,39.333676913947535],[94.44935157080667,39.38375609700594],[94.41029283525693,39.457486286207995],[94.28597340664318,39.60112062066198],[94.15449732205268,39.854072940231106]],[[94.19687820851193,40.47937545653131],[94.25387234011536,40.46828522021849],[94.39567093833284,40.48748629189006],[94.44864017349887,40.516434470257614],[94.45620046329327,40.54548875747351],[94.41166195039631,40.56239675157953],[94.22456214760392,40.53421317035394],[94.18389568918084,40.50511594374732],[94.19687820851193,40.47937545653131]]]},"properties":{"pref":"Dunhuang Jun","province":"Liangzhou Cishibu","dynasty":"汉朝","year":2,"popdens":0.363,"popdens_max":1.0198}},{"type":"Feature","geometry":{"type":"Polygon","coordinates":[[[85.17878046677171,36.84851294227561],[84.91505181191216,37.16172108613996],[84.79684105397558,37.34671138362338],[84.69750483132121,37.55548440239945],[84.64375825703807,37.74165507370368],[84.62472102789408,37.92469498894416],[84.63717775779541,38.09807495615622],[84.68482397603626,38.294078443267395],[84.79319856476783,38.492374566074375],[84.8722674863364,38.5810703812437],[85.12017975195013,38.797710044036656],[86.01809516662574,39.42564603480219],[86.42157763779718,39.655130754792985],[86.59377854912171,39.76969626708153],[86.971266427953,40.061924999146],[87.2679852499752,40.33809908733237],[88.32071070180258,41.443078170944275],[88.36440193410382,41.46802241224494],[88.69500790588505,41.46905050726077],[88.97679453420176,41.39536536411566],[89.13943903464052,41.37062417327018],[89.91299762782712,41.33152396682062],[90.15786008900389,41.25273178194014],[90.24645811304475,41.24316363909602],[91.33775626357343,41.24559936994482],[91.59602816975082,41.23364722511607],[91.81294390746606,41.25633250381964],[92.01670395544932,41.30339247613632],[92.11972956236319,41.30166515100282],[92.35024029198242,41.260663097620494],[92.65277913754946,41.17285978294729],[92.82692305019037,41.154706433594],[93.00128823631441,41.175966844399056],[93.36918889702196,41.30146886158529],[93.88619164445885,41.39760515712002],[94.72295195029868,41.45817414014348],[94.94624398401683,41.4586219799016],[95.0649195955117,41.48298870355893],[95.06051687135147,41.38164215922371],[95.0876113249304,41.31285349078586],[95.09512630529593,41.222576235721654],[95.18317061241761,41.17459974067189],[95.22706577333973,41.09588249875754],[95.24373319828806,41.005123743646756],[95.28755510941244,40.911353960942634],[95.30516101558901,40.6649106623339],[95.34330184315759,40.49719408666006],[95.41004505628368,40.35401537195601],[95.5884685970314,40.17008418673661],[95.62759370916582,39.9904212450995],[95.64943378389916,39.952311114920164],[95.68575960146903,39.921374131107875],[95.76859156123506,39.888131447941596],[95.93928920033507,39.864336043291274],[95.99132617757891,39.83932570924847],[96.07620467183531,39.754935138478736],[96.14132902672598,39.62054553558244],[96.17204859211688,39.49081348822249],[95.9226343540617,39.49807768145951],[95.50610039367773,39.549377879482456],[95.28838415951567,39.54608049876295],[95.04472298348098,39.51529900437922],[94.96412287070642,39.47787177604048],[94.82846719619243,39.37668815542707],[94.65480117076875,39.30835219283284],[94.34197051912035,39.34242625384166],[94.24951345615175,39.3238357762989],[94.14920893345736,39.33346696949453],[93.92925565908473,39.289214885683656],[93.7714230905886,39.30415070662237],[93.66119798530367,39.28098385194016],[93.55905043231132,39.28972468415805],[93.46704856617399,39.26975627594383],[93.36071969475948,39.284238142106254],[93.19590830098004,39.192348770795526],[92.56920169999542,39.11058453506175],[92.362700407012,38.995001191609475],[91.96793928521667,38.93249778445585],[91.82893057593705,38.895065295853854],[91.44454025142367,38.74961654084528],[91.27138885166295,38.7065879766522],[90.86943676784713,38.647382717128565],[90.65596512043506,38.571199577878716],[90.43315239487036,38.5225826679362],[90.25781563508397,38.43896898341053],[90.21977445363396,38.4057195134036],[90.2084096898811,38.35030932220794],[90.30806413344436,38.21725788067889],[90.3314898957008,38.10589487739819],[90.44331793860921,37.968233240874774],[90.45285446872919,37.916381263533644],[90.4262872360376,37.835754251161696],[90.45326869712227,37.77268578090881],[90.8300332347123,37.61734729477577],[91.01040578787897,37.52377023880665],[91.1304834098807,37.483461780561406],[91.18478493483613,37.43947500176453],[91.20186826515886,37.38092113712226],[91.16825929080024,37.07681073006422],[91.14924284127062,37.02579603942144],[91.0809873196674,36.9644076318158],[90.92110257479236,36.93873631618243],[90.78928547790333,36.865600671045144],[90.73821643711531,36.776884491224344],[90.71007400047854,36.623092245643676],[90.71727456324851,36.582798970713164],[90.76889413624721,36.53793777352778],[90.87243586434491,36.52455550263299],[91.15069252686988,36.534164188000794],[91.17567372327656,36.51610085709824],[91.16775549242661,36.47163532354679],[91.02343985582657,36.384071573283315],[90.71384357787483,36.28644900348645],[90.44646544225566,36.157861578495215],[90.32959741595351,36.16288555529307],[90.22258202780264,36.22732177090338],[90.06255713868023,36.27162588560237],[89.96640198290255,36.32977918319699],[89.90964313013541,36.34476159960439],[89.38995434492585,36.219893016854556],[89.22773860098292,36.22179452721138],[89.09539687130741,36.256226725979765],[88.86775806332561,36.34732635160494],[88.57975305878062,36.403855155776654],[88.32552443189975,36.51352622884885],[87.98545786350209,36.5272117053205],[87.65666497599707,36.478097442502914],[87.54556740268981,36.48731737778749],[87.46668127146911,36.47549222451147],[87.37196167228831,36.40994321152707],[87.25854000116198,36.28822246575425],[87.18701585040594,36.26489268142573],[87.01164878739566,36.30817947192628],[86.88813392030234,36.27834409050426],[86.68551964978371,36.27100169285221],[86.40395294352354,36.21641254173882],[86.17879171862945,36.1334913566112],[86.00127200084502,36.026169244145706],[85.17878046677171,36.84851294227561]],[[89.01320357133018,37.629167158780064],[89.08023664619877,37.61120229651892],[89.29314614812216,37.60591716421925],[89.34194275826123,37.628806037653085],[89.44461667461272,37.62682324093914],[89.52082250564443,37.65223758677059],[89.56850525306925,37.713839210368526],[89.54684909172506,37.72469303258085],[89.44863260609334,37.70665339376077],[89.26404494188873,37.72358333070776],[89.18199076803172,37.68543691722353],[89.03675411599916,37.68579706864085],[89.00093338269119,37.66069513068065],[89.01320357133018,37.629167158780064]],[[94.41086333794915,40.52332874281837],[94.32395235917612,40.47521331425085],[94.37414320852592,40.46058781059578],[94.44183324465664,40.51557245218568],[94.41086333794915,40.52332874281837]],[[94.91523580221116,39.501588676013455],[94.94456377309795,39.49474697470538],[94.9524917937118,39.50665106184726],[94.93209513901672,39.52466798126912],[94.91523580221116,39.501588676013455]],[[90.14473262003031,40.709797165771604],[90.13347860957582,40.672588110467785],[90.16662270966616,40.61969280634854],[90.19806972175641,40.5175285559023],[90.16739354719263,40.13391010281344],[90.19263807692656,40.10971480768068],[90.24691846728716,40.104753668769035],[90.30794622290527,40.10303389979821],[90.40492852003952,40.136158567198855],[90.42628235016828,40.109418070475776],[90.46373334670692,40.11117446097746],[90.56101015556868,40.21199355523908],[90.47250065059863,40.28412660574927],[90.35827297883174,40.620864176718754],[90.31381259922794,40.6998030411076],[90.31277350080956,40.79051912110183],[90.27960685028181,40.794447097596596],[90.14473262003031,40.709797165771604]],[[94.46828806092842,40.26118449391109],[94.50770997874301,40.22036247389822],[94.61543835714278,40.22027386209693],[94.6424682624192,40.248323838400765],[94.63142675621577,40.287605336131634],[94.61150697916018,40.2975782831074],[94.48783016610203,40.27947776904097],[94.46828806092842,40.26118449391109]],[[94.54255209126786,40.308662235277986],[94.59643272423648,40.316693589568196],[94.6045209088095,40.33596302510191],[94.52552823580142,40.32649738244684],[94.54255209126786,40.308662235277986]],[[94.49507870668303,40.404993372542094],[94.45552286158622,40.41501957242697],[94.43150819336556,40.39614467253472],[94.45554618886491,40.38535895246381],[94.49507870668303,40.404993372542094]],[[94.87455687822445,40.144949034364],[94.90702839586666,40.15861589932595],[94.88247499416798,40.16330747945415],[94.87455687822445,40.144949034364]]]},"properties":{"pref":"Sha Zhou","province":"Longyou Dao","dynasty":"唐朝","year":742,"popdens":0.0412,"popdens_max":0.0801}},{"type":"Feature","geometry":{"type":"MultiPolygon","coordinates":[[[[95.35940690182998,40.4591886909667],[95.30516101558901,40.6649106623339],[95.28755510941244,40.911353960942634],[95.24373319828806,41.005123743646756],[95.21231074507332,41.133149452092],[95.17570327696792,41.18043584020258],[95.11356872370855,41.201199801125476],[95.09512630529593,41.222576235721654],[95.0876113249304,41.31285349078586],[95.06051687135147,41.38164215922371],[95.0649195955117,41.48298870355893],[95.1836403907637,41.5229588379804],[95.46944131757361,41.67733218739157],[95.80677425144799,41.813215056759006],[96.20164068121002,42.02507891121156],[96.21325282668187,42.06928439954061],[96.14447222838004,42.2146682135614],[96.11601678090402,42.326917222777034],[96.12043196675609,42.43982514250761],[96.10244531967409,42.57249515810942],[96.14916715410737,42.68031553644911],[96.38830965809261,42.7400701554495],[96.44459722130591,42.70271807042453],[96.75760234402232,42.64252768353569],[97.13294730796635,42.607755995461986],[97.53317606015132,42.5379815655099],[97.92213125286067,42.52645658358912],[97.85753778053571,42.37167795174085],[97.79158905672651,42.10612574309948],[97.70790584445264,41.68930495287265],[97.68040879490464,41.473896680146325],[97.61502670950343,41.20902635631163],[97.58882702182255,40.898144200747566],[97.6046804434123,40.70370818437432],[97.58829369105443,40.635180327832956],[97.56224254517817,40.60087485368815],[97.51038431988016,40.57128052843809],[97.23879755401818,40.49801696055486],[97.00295315054721,40.34336158179434],[96.9617166799466,40.299886940071],[96.93772223265262,40.22318685307636],[96.92398317167911,39.996301749200036],[96.98241056849733,39.784472417935966],[97.08211578447141,39.592409485963785],[97.11161578698399,39.30599091385582],[97.16488589774978,39.121503821567146],[96.9718050090131,39.19677258613536],[96.77274773583049,39.31816401108591],[96.45861138684539,39.420363631743825],[96.17204859211688,39.49081348822249],[96.14132902672598,39.62054553558244],[96.09633752102195,39.72232164404701],[95.99132617757891,39.83932570924847],[95.93928920033507,39.864336043291274],[95.76859156123506,39.888131447941596],[95.68575960146903,39.921374131107875],[95.64943378389916,39.952311114920164],[95.62759370916582,39.9904212450995],[95.5884685970314,40.17008418673661],[95.44017152459006,40.31249951018811],[95.35940690182998,40.4591886909667]],[[96.40941933506177,40.61854780011071],[96.8295104607335,40.59023326313115],[96.99028333898684,40.56278492153509],[97.1573837641085,40.59260607826655],[97.36501165704716,40.54609414519598],[97.51191830931616,40.58585492249388],[97.55135203002966,40.62467475704659],[97.49554646441402,40.695900434935005],[97.42814474558214,40.71806463963682],[97.14774451506085,40.68657120486983],[96.92567318852687,40.72581400747642],[96.79008813198931,40.71343568907789],[96.63739895534914,40.74877386842713],[96.36634367142065,40.71685210614731],[96.33814464632948,40.695417434244796],[96.3494393555163,40.65236325062],[96.40941933506177,40.61854780011071]]],[[[97.16545562335436,39.11793575193046],[97.16503807961354,39.12118630628538],[97.16681125107823,39.1174864812098],[97.16545562335436,39.11793575193046]]]]},"properties":{"pref":"Gua Zhou","province":"Longyou Dao","dynasty":"唐朝","year":742,"popdens":0.0774,"popdens_max":0.1505}},{"type":"Feature","geometry":{"type":"Polygon","coordinates":[[[87.77983438383019,42.5740749262966],[87.61939784231375,42.71442970214223],[87.47571915573431,42.88579498777892],[87.446709227773,42.9861225659837],[87.4756142045535,43.17726000861234],[87.65296665718014,43.20697328397938],[87.93321259044001,43.18773028122318],[88.21033085655978,43.23196638585289],[88.41453067253602,43.28762524689856],[88.60907377575325,43.35967345432761],[88.93828150475315,43.512532562737775],[89.04645664600143,43.537663184848924],[89.21535823147254,43.52806325489267],[89.57267321965766,43.40977167817758],[89.69036514329203,43.40149477956581],[90.04180854186913,43.48289664942256],[90.28805386078784,43.51779929321261],[90.53857676630336,43.526156785312125],[90.95589707770468,43.497347020744016],[91.17548669212218,43.536212393367364],[91.38700030890962,43.59505545782108],[91.52665850944916,43.65754221921319],[91.56984711066458,43.55584711778608],[91.57774621666627,43.49767720548655],[91.50624509952023,43.21624651646761],[91.495507939614,43.09253098679106],[91.50434450263842,41.94696924976089],[91.60899393806828,41.59824939363411],[91.59499668340221,41.60789809716671],[91.60899969831583,41.59824542293256],[91.58697963525981,41.598206862782135],[91.60899504493105,41.59824541478384],[91.62378744780717,41.54507102162322],[91.65739463845057,41.236560222120616],[90.20166080229747,41.24538452625799],[89.91299762782712,41.33152396682062],[89.13943903464052,41.37062417327018],[88.97679453420176,41.39536536411566],[88.69500790588505,41.46905050726077],[88.35818776444188,41.46606940396698],[88.40766158677492,41.607506119457724],[88.38878773741084,41.66857618600063],[88.29471338501901,41.79794336778796],[87.95522036464416,42.16740576581375],[87.89971445059766,42.30039329493903],[87.89589614574149,42.37914184166061],[87.8668004490068,42.47649051917217],[87.77983438383019,42.5740749262966]]]},"properties":{"pref":"Xi Zhou","province":"Longyou Dao","dynasty":"唐朝","year":742,"popdens":0.6212,"popdens_max":1.2083}},{"type":"Feature","geometry":{"type":"Polygon","coordinates":[[[91.63399356075291,41.472220757828175],[91.50434450263842,41.94696924976089],[91.495507939614,43.09253098679106],[91.50624509952023,43.21624651646761],[91.57774621666627,43.49767720548655],[91.56984711066458,43.55584711778608],[91.52665850944916,43.65754221921319],[91.5827616364494,43.725099474829825],[91.59358171719114,43.78588627828022],[91.56070381170541,43.873805440055676],[91.397688734975,44.029620071803706],[91.37134248966025,44.112429873463675],[91.45836834597394,44.41219425059488],[91.49738592928067,44.4930264917369],[91.55201825030734,44.56917263888917],[91.69731016994284,44.69714276835244],[91.88981120046974,44.60664808689727],[92.27683998895148,44.507926526525445],[93.23273507583724,44.34597472049406],[94.40250163738166,44.195934925543106],[95.17624760799193,44.048647163873596],[95.39384251526802,44.02849482242774],[95.45865824080808,44.048011084063255],[95.53612032052214,44.04013165482112],[95.57584321670186,44.007483071979124],[95.70144297991493,43.73680725485772],[95.7201653157477,43.5983433752783],[95.86295353636258,43.390917770319604],[95.87386623544162,43.27379886284983],[96.32293676463921,42.92833713048622],[96.38830965809261,42.7400701554495],[96.3411230175211,42.7181314022748],[96.1594835224608,42.68664312705822],[96.11327322348131,42.61739900599014],[96.10146649143736,42.526878578378394],[96.12043196675609,42.43982514250761],[96.11601678090402,42.326917222777034],[96.14447222838004,42.2146682135614],[96.21325282668187,42.06928439954061],[96.19409499271389,42.01777277240304],[95.80677425144799,41.813215056759006],[95.46944131757361,41.67733218739157],[95.1836403907637,41.5229588379804],[95.0649195955117,41.48298870355893],[94.94624398401683,41.4586219799016],[94.72295195029868,41.45817414014348],[93.88619164445885,41.39760515712002],[93.36918889702196,41.30146886158529],[93.00128823631441,41.175966844399056],[92.82692305019037,41.154706433594],[92.65277913754946,41.17285978294729],[92.35024029198242,41.260663097620494],[92.08111150537317,41.3043718535077],[91.96588048719413,41.296086333812674],[91.81294390746606,41.25633250381964],[91.65739463845057,41.236560222120616],[91.63399356075291,41.472220757828175]],[[92.91400449057663,43.618151055012916],[92.91431659862602,43.70049201509069],[92.95728711683823,43.752704933687184],[92.94700329985427,43.78718048296231],[92.89196911875254,43.739671958578],[92.77626305064234,43.7045090557311],[92.77406225047633,43.66911734063999],[92.80559485679358,43.62719734654208],[92.85783745899468,43.602186843964994],[92.91400449057663,43.618151055012916]]]},"properties":{"pref":"Yi Zhou","province":"Longyou Dao","dynasty":"唐朝","year":742,"popdens":0.0702,"popdens_max":0.1366}},{"type":"Feature","geometry":{"type":"Polygon","coordinates":[[[85.5993531087685,43.27275089696273],[85.50346270559976,43.31498950557706],[85.40943350983774,43.40090837070637],[85.31765245317519,43.58583825855634],[85.30536311624459,43.695560032136186],[85.50342194472712,44.488419550337326],[85.62439031630196,45.10112109219603],[85.6973664066635,45.219371726072154],[85.76719228158507,45.2810373070791],[85.8374834127509,45.313216951817516],[86.04370988202481,45.34438838096272],[86.33671735767878,45.35553527715371],[86.87022199609585,45.32454564602169],[87.92390175863679,45.33757462624956],[88.51369864629918,45.30239604876093],[88.64789443018216,45.25893260953814],[88.7529292132591,45.183995929134284],[89.02215192939138,44.80006490655108],[89.11880729020528,44.70984357052785],[89.24328901718975,44.64574469938801],[89.46608358004278,44.5935595100122],[89.6129297145302,44.58676769226581],[89.8238397270797,44.61361811813594],[90.28756551793818,44.76335240591825],[90.51657073680289,44.802306857722684],[91.08187018953006,44.79497830548328],[91.40525850618909,44.819077305110085],[91.52685303299334,44.786087388515384],[91.69731016994284,44.69714276835244],[91.55201825030734,44.56917263888917],[91.49738592928067,44.4930264917369],[91.45836834597394,44.41219425059488],[91.37134248966025,44.112429873463675],[91.397688734975,44.029620071803706],[91.50774740429806,43.93270360210036],[91.57802682940957,43.84592547151256],[91.59358171719114,43.78588627828022],[91.5827616364494,43.725099474829825],[91.55061855742701,43.67760942324574],[91.4982869408267,43.640709700982185],[91.17548669212218,43.536212393367364],[90.91230873782844,43.49388818215072],[90.53857676630336,43.526156785312125],[90.28805386078784,43.51779929321261],[90.04180854186913,43.48289664942256],[89.69036514329203,43.40149477956581],[89.57267321965766,43.40977167817758],[89.21535823147254,43.52806325489267],[89.04645664600143,43.537663184848924],[88.93828150475315,43.512532562737775],[88.60907377575325,43.35967345432761],[88.41453067253602,43.28762524689856],[88.21033085655978,43.23196638585289],[87.93321259044001,43.18773028122318],[87.72780425535288,43.20573079381686],[87.57860141512906,43.200491603113164],[87.42591370463077,43.16304276554822],[87.25578727316629,43.087197672568344],[87.1574044130215,43.06431366912006],[86.95289071441053,43.07980238678287],[86.6732930549662,43.161752502619166],[85.87164110014817,43.22268848492696],[85.5993531087685,43.27275089696273]]]},"properties":{"pref":"Ting Zhou","province":"Longyou Dao","dynasty":"唐朝","year":742,"popdens":0.0823,"popdens_max":0.1601}},{"type":"Feature","geometry":{"type":"MultiPolygon","coordinates":[[[[97.36768006431947,39.10862956785018],[97.16681125107823,39.1174864812098],[97.1427366899908,39.167680990393535],[97.10272788770429,39.42569380033966],[97.18205160688319,39.4438513782468],[97.21903431959008,39.43531895943657],[97.2035789157269,39.420281225166285],[97.25530817778161,39.41812393870755],[97.24470966484962,39.46529416058109],[97.30694364578095,39.490757751938176],[97.23376127139458,39.50705057043435],[97.2227944248977,39.49874362099551],[97.24969602669435,39.48344055012972],[97.23467725207486,39.47677757457195],[97.17812465686156,39.50408606487241],[97.1602014243764,39.50442085812708],[97.16693401996437,39.470941031812565],[97.14940367319699,39.48805614626608],[97.13356679620505,39.46834827156012],[97.09241778622545,39.484679162736946],[97.08211578447141,39.592409485963785],[97.0199567164278,39.70614824908776],[97.12955752023895,39.64385535179201],[97.25807844764621,39.63793445098363],[97.29725425038077,39.585975221233255],[97.30543310218826,39.60244452788603],[97.41907611833365,39.59639382113835],[97.47825899600274,39.54128966629975],[97.69085382289818,39.51176419583418],[97.74600173962709,39.52016852625771],[97.77512620874542,39.54602082658761],[97.75528066403442,39.562757771196466],[97.71854389304396,39.557170212528426],[97.7077759484477,39.57523785424439],[97.68020601080107,39.5495080704402],[97.57773536295512,39.56847683271231],[97.56421670863669,39.574213907081415],[97.58166294808976,39.5859688671346],[97.57770643482591,39.60266383118706],[97.55378835603473,39.60503177896408],[97.52885773763161,39.583950107765936],[97.49373819746359,39.594166420436544],[97.47986334672532,39.58230453315529],[97.43277371133331,39.61398260543471],[97.42362953047473,39.60127459872317],[97.36849084634282,39.62425235968729],[97.3532688345325,39.64829249130948],[97.29846178741968,39.64979136253923],[97.29507153060064,39.670109004164196],[97.28849622448836,39.65100042927429],[97.26651573383695,39.647119091297306],[97.28555692146165,39.65958228152935],[97.24948265939848,39.68190153674911],[97.2294812699617,39.66791082060965],[97.21852001780324,39.72056492142117],[97.18372225649223,39.71367969344532],[97.20149093823645,39.694271166488555],[97.18046799487206,39.70430720569983],[97.17024365999642,39.674466539837276],[97.12029562976657,39.6837194114783],[97.08574783629096,39.7050158819356],[97.08575915145707,39.716511784808446],[97.00901283010764,39.725699051217056],[97.00232231078029,39.74049144110369],[97.08935956329478,39.724410018583406],[97.09950742115699,39.74203720397686],[97.0368770462023,39.750084560175104],[97.0130999015591,39.76991226150071],[96.9939923115378,39.75889851088068],[96.98468067356688,39.779461456207414],[96.99977030284433,39.78780979343236],[96.97773562807444,39.79997713211047],[96.96844866219398,39.830755057798136],[97.03868477726779,39.8139809592256],[97.04530178784725,39.836054818792775],[97.0600224735204,39.787855975610036],[97.09023192605454,39.79217451468113],[97.09893148957143,39.83809703324333],[97.08189702230011,39.832504494766795],[97.02632091126105,39.879420690085944],[97.01285336791912,39.86497659504695],[96.99203623216138,39.88235701331487],[96.98894116173732,39.934419435329744],[96.93560679160896,39.94887866671018],[96.92385936330312,39.997988091939966],[97.07480873228451,39.92546093046196],[97.0763210197238,39.898472457156835],[97.13241188038285,39.91440885565891],[97.23185467982815,39.81200090970999],[97.27054827669821,39.806787643061504],[97.34353623786717,39.75943518293725],[97.39471146582136,39.74826814927032],[97.39916176640213,39.76771954229155],[97.42198181225149,39.77209119856828],[97.41888709224791,39.74778604794029],[97.40053025714987,39.740316480444115],[97.44769728385208,39.719109312761006],[97.45118260928582,39.74306016021615],[97.47054670903175,39.746760895624824],[97.45759415813298,39.730157402290715],[97.50730854089964,39.70783242446327],[97.50905721467828,39.69371104412631],[97.52501042862961,39.71388905887659],[97.5087396068547,39.745941561495506],[97.51983410854999,39.730879220045324],[97.53515976821546,39.76055550305052],[97.56986825817803,39.742828530429136],[97.58216872438895,39.701660182275],[97.60635092516725,39.689355514237455],[97.59456060500591,39.668685284786996],[97.61531982059692,39.659373228440934],[97.70234340014537,39.64761938927515],[97.7788205751046,39.66794801939717],[97.77554444046997,39.64348689767835],[97.79812575036816,39.63453302913564],[97.90040534170527,39.649892229116666],[97.97028163944508,39.622487814265355],[98.00977260296598,39.63141258889772],[98.06384258875352,39.593066935898214],[98.24953375304716,39.51897175860927],[98.28711007381168,39.52338281789632],[98.2944278036241,39.50880599845382],[98.34672863147901,39.49856985628727],[98.31853428165947,39.5183781458364],[98.3453873164736,39.535933665129164],[98.34764722299234,39.521254116772695],[98.3900009813228,39.53479002250783],[98.41089298276376,39.508327073092396],[98.39072877242062,39.498759187267986],[98.38659422596318,39.46463986849997],[98.3567913141613,39.447768195155604],[98.37227624606425,39.441190473183546],[98.43513400671755,39.445360111799445],[98.42262693945665,39.46370553327995],[98.44074360461371,39.47124598948742],[98.4508717857678,39.50956601081514],[98.4515445670575,39.44579750179059],[98.47296465201372,39.46615386867403],[98.45919313124129,39.48164506226148],[98.4937636400149,39.47733069377437],[98.4780103180785,39.44987976123286],[98.4939512044439,39.441236476365376],[98.49315778507851,39.40842468181348],[98.55192064601172,39.42182917733629],[98.5656349460135,39.43700875192497],[98.60858568605214,39.43296330275408],[98.58292767794093,39.44966109375233],[98.59647182522673,39.45672071260207],[98.76485009726954,39.39598681263127],[98.79361895221602,39.36011425087206],[98.80182280994396,39.36949750319364],[98.9064038952948,39.329270165512405],[98.94020152445196,39.33901530375536],[99.01016282981972,39.32085523328034],[99.03866149538516,39.285204657096564],[99.1358259550956,39.23445015320299],[99.18552544569833,39.17491755455079],[99.18384077482551,39.14855145796603],[99.22627403331201,39.16580478366495],[99.26839424027798,39.098352175278166],[99.1243206576825,38.96332329659633],[99.08054899062968,38.98390070396712],[99.07865779888888,38.97315545563964],[98.92962838599091,38.99916121179864],[98.8851785134351,39.044457701704154],[98.78297494248372,39.099056560083405],[98.64672332127944,39.079276234308004],[98.48031132306359,39.079402221461436],[98.45617813276044,39.06207992274183],[98.34486355964097,39.09486028198288],[98.19944355140346,39.111505296058546],[98.10880482699989,39.156244327237594],[98.08133603935897,39.15076736249064],[98.07246338761551,39.110228638306005],[98.00714186346289,39.06103134111693],[97.9126522878872,39.029956551343865],[97.93112931062302,39.04935176539439],[97.91373693425334,39.04499801645825],[97.90398609884217,39.083615156942386],[97.90090965372674,39.05440693508094],[97.8864232236571,39.066155155306134],[97.88810373022957,39.10557152598128],[97.75672068519859,39.12954548994551],[97.74898886880494,39.17954383290294],[97.71507199233189,39.187396730514195],[97.74166385251613,39.19874876330151],[97.68203400447365,39.23831083667154],[97.64404623324512,39.24201739650202],[97.51433705973815,39.290527132426774],[97.51782150122378,39.3071499104301],[97.51772700859073,39.295606366549116],[97.53289983029933,39.30136777679317],[97.50205385139554,39.3317917345099],[97.51544629801977,39.34153386827804],[97.46658396539837,39.37602055997742],[97.45545945204016,39.415342838099015],[97.46914094770342,39.422825300514646],[97.45055746961478,39.42341463331353],[97.45428304492411,39.39390655746989],[97.37447696270866,39.37555839024361],[97.3938635420743,39.35316666999837],[97.38779890648514,39.33798751978824],[97.41202586972108,39.33981323846541],[97.40969005198842,39.309904053372286],[97.39074131139049,39.31447227754951],[97.37221608821478,39.340365060830386],[97.35107414782652,39.3118042121265],[97.31902104845224,39.312456025901085],[97.30213613084625,39.34563741887205],[97.25650105160716,39.36264540337322],[97.2334109907367,39.34995677418189],[97.26746405565831,39.274406969617466],[97.32093395263551,39.29238543434639],[97.32558174280702,39.281115357337946],[97.2678631216629,39.266605580766324],[97.23305409871034,39.32434932007147],[97.21146643792717,39.33621595475341],[97.20345585613063,39.32087867872113],[97.19574263740243,39.33538100895434],[97.16595514079523,39.32333161054445],[97.17032697498682,39.34288109013291],[97.13134699163301,39.36865838280521],[97.14008796669764,39.301792964031875],[97.16619141092953,39.30201864029798],[97.16963137571007,39.27660435051246],[97.18071150741264,39.284152660296364],[97.18857181365802,39.27051776020493],[97.24643867180332,39.27270464766536],[97.27332471531587,39.25154883589139],[97.20014059560188,39.2540595491181],[97.32949284241889,39.193435836259326],[97.36763918630044,39.18199924757313],[97.39909909796368,39.1946097265433],[97.3950944755397,39.18189323662762],[97.41699669701387,39.18146804514053],[97.4154911407226,39.15813002318215],[97.4323312678332,39.157470416023166],[97.42764601111882,39.17217815419299],[97.44405314555976,39.14573883165442],[97.48185212641276,39.139547246528466],[97.4933045930121,39.10653194638897],[97.49479505471129,39.12956712764517],[97.52343468110699,39.12982335721434],[97.54900750052897,39.114244770370725],[97.53023559081757,39.089856126216105],[97.70019512842443,39.055443201808096],[97.76487067580554,39.01674298992621],[97.80612713692462,39.015152405921164],[97.82990146810553,38.992496661260546],[97.74421949058805,38.98027670126231],[97.53319800626106,39.07494683760355],[97.35013395211492,39.12500924129638],[97.36768006431947,39.10862956785018]],[[97.25811456306609,39.412548934344045],[97.26290619801622,39.417080988699645],[97.25530817778161,39.41812393870755],[97.25811456306609,39.412548934344045]],[[97.27773643205536,39.5113755866118],[97.27330436444345,39.502884184643094],[97.28152986407454,39.50087103355813],[97.27773643205536,39.5113755866118]],[[97.09181627390797,39.561179086280546],[97.09660721419506,39.565720301702164],[97.08898778152086,39.56675106889323],[97.09181627390797,39.561179086280546]],[[97.7077759484477,39.57523785424439],[97.72984870470285,39.59581719545275],[97.70131418055425,39.60857985097915],[97.7116445275335,39.62561304087777],[97.70105351829413,39.643340736178935],[97.6748848017176,39.60434722812622],[97.7077759484477,39.57523785424439]],[[97.75418850605934,39.59756184272524],[97.74695622839047,39.606473889733],[97.72984870470285,39.59581719545275],[97.75418850605934,39.59756184272524]],[[97.7582097532229,39.59182141810522],[97.76841100032766,39.5966543951497],[97.75418850605934,39.59756184272524],[97.7582097532229,39.59182141810522]],[[97.68685687411165,39.55636195468848],[97.68102635778199,39.560104126513664],[97.6796378367448,39.5542148428648],[97.68685687411165,39.55636195468848]],[[97.03796875071191,39.78890535725037],[97.03403342893779,39.777680063543336],[97.0600224735204,39.787855975610036],[97.03796875071191,39.78890535725037]],[[96.93796151420582,39.9636809572614],[96.95082210994639,39.95994345043127],[96.9501932667309,39.96464952304259],[96.93796151420582,39.9636809572614]],[[96.95082210994639,39.95994345043127],[96.9697963918812,39.95668726749908],[96.96916905965283,39.96139342924215],[96.95082210994639,39.95994345043127]],[[96.97265412152713,39.95111457818563],[96.97746701086236,39.95566470693384],[96.9697963918812,39.95668726749908],[96.97265412152713,39.95111457818563]],[[97.06908305426379,39.89628058121966],[97.0749836607929,39.89257134996319],[97.0763210197238,39.898472457156835],[97.06908305426379,39.89628058121966]],[[97.52906105509456,39.70815647600126],[97.53926356578083,39.713013519265644],[97.52501042862961,39.71388905887659],[97.52906105509456,39.70815647600126]],[[97.58679487253328,39.6865092583366],[97.58448725723464,39.6802573792349],[97.5905794856481,39.68070286797504],[97.58679487253328,39.6865092583366]],[[97.58150700922714,39.673780005844534],[97.56871673882763,39.6917559771804],[97.56447616009818,39.69304069269328],[97.58150700922714,39.673780005844534]],[[97.56168498082111,39.69862714086977],[97.55684882224263,39.69410681974222],[97.56447616009818,39.69304069269328],[97.56168498082111,39.69862714086977]],[[98.37109774063062,39.51426540994709],[98.35488505850434,39.516979931468754],[98.35322144814934,39.50578925537899],[98.37109774063062,39.51426540994709]],[[98.38802247240213,39.504365934157605],[98.38314066256744,39.4998868129537],[98.39072877242062,39.498759187267986],[98.38802247240213,39.504365934157605]],[[98.4443120213017,39.4437053316471],[98.45008424146413,39.43992033820003],[98.4515445670575,39.44579750179059],[98.4443120213017,39.4437053316471]],[[98.60983681023765,39.440077119067816],[98.61559838897053,39.43628273098805],[98.61707459368952,39.44215745428978],[98.60983681023765,39.440077119067816]],[[98.08133603935897,39.15076736249064],[98.04935181466591,39.17221342583109],[98.03476776586696,39.16055538034697],[98.08133603935897,39.15076736249064]],[[97.91829091065286,39.062268164529705],[97.92841659200819,39.06708001786802],[97.91431941483727,39.06800891084149],[97.91829091065286,39.062268164529705]],[[97.7561661152938,39.18168443601607],[97.75037555866399,39.1854278341324],[97.74898886880494,39.17954383290294],[97.7561661152938,39.18168443601607]],[[97.53405399994263,39.29196056842215],[97.54616033326225,39.29285655741004],[97.53289983029933,39.30136777679317],[97.53405399994263,39.29196056842215]],[[97.54616033326225,39.29285655741004],[97.55278919810038,39.288600349547956],[97.5522136331218,39.29330400885961],[97.54616033326225,39.29285655741004]],[[97.55695000986644,39.27678003449611],[97.60654573626809,39.276209827254654],[97.63206936957458,39.27065483569649],[97.56259658478749,39.29239222621949],[97.55695000986644,39.27678003449611]],[[97.48235561599277,39.3751881229932],[97.47652989528491,39.378917224723494],[97.47516524899368,39.37302723135952],[97.48235561599277,39.3751881229932]],[[97.44776820244574,39.4289950719173],[97.44296189253318,39.424471670711384],[97.45055746961478,39.42341463331353],[97.44776820244574,39.4289950719173]],[[97.37982538662142,39.33126829960521],[97.40413054350981,39.32822825663113],[97.38779890648514,39.33798751978824],[97.37982538662142,39.33126829960521]],[[97.23060522772677,39.35553040990305],[97.2258208281533,39.35099737481832],[97.2334109907367,39.34995677418189],[97.23060522772677,39.35553040990305]],[[97.38792992274037,39.17972698153574],[97.39374206737239,39.17600445704854],[97.3950944755397,39.18189323662762],[97.38792992274037,39.17972698153574]],[[97.00698779180101,39.92935382226109],[96.99805779107425,39.89502914434681],[97.01916548507363,39.88323697756803],[97.02246145456284,39.9322992369364],[97.00698779180101,39.92935382226109]],[[99.22845237531716,39.10623879763173],[99.23597570289868,39.105048913886364],[99.23336433001272,39.11067350464679],[99.22845237531716,39.10623879763173]],[[99.15283400268976,39.007159283087766],[99.16034663513585,39.005975282989624],[99.15773254523904,39.01159677108099],[99.15283400268976,39.007159283087766]],[[99.07561180952189,39.17788437931546],[99.0831469139991,39.17670573037354],[99.08051842400904,39.18232716824232],[99.07561180952189,39.17788437931546]],[[99.06874498292596,39.24854486686662],[99.07628893693581,39.247366563150756],[99.0736567746106,39.252988619357005],[99.06874498292596,39.24854486686662]],[[98.99885579808863,39.27757870643094],[99.0064046855329,39.27640555348099],[99.00376483667934,39.28202611203011],[98.99885579808863,39.27757870643094]],[[98.98313734535866,39.30551293324393],[99.00362337471962,39.30467227555474],[98.99891793994057,39.310489109790794],[98.98313734535866,39.30551293324393]],[[98.99135553135854,39.1681563533225],[98.99889105713508,39.166984018171235],[98.99625524112592,39.172603148375146],[98.99135553135854,39.1681563533225]],[[98.90370250941085,39.314525461153586],[98.91125779153901,39.31335932977033],[98.90860758142114,39.318977811022194],[98.90370250941085,39.314525461153586]],[[98.84853809439366,39.13584416626718],[98.85607236518938,39.1346825731097],[98.85342482832056,39.14029759685658],[98.84853809439366,39.13584416626718]],[[98.819260240185,39.1245747823434],[98.82679367883865,39.12341540261644],[98.82414394291905,39.12902952915168],[98.819260240185,39.1245747823434]],[[98.74528162182006,39.11492197866116],[98.73508433981561,39.11019199903188],[98.74917799281684,39.10914825383557],[98.74528162182006,39.11492197866116]],[[98.75183374243022,39.103536326111005],[98.7567108575562,39.10799414559007],[98.74917799281684,39.10914825383557],[98.75183374243022,39.103536326111005]],[[98.74672400249703,39.120093999263005],[98.75425826087802,39.11894004860366],[98.75160206507991,39.12455221600553],[98.74672400249703,39.120093999263005]],[[98.71743939517279,39.104353560456005],[98.73153200468984,39.10331229395484],[98.72763434073407,39.10908526819953],[98.71743939517279,39.104353560456005]],[[98.70635700585031,39.09862420017642],[98.71388938194303,39.09747331576946],[98.71123041691392,39.10308417409078],[98.70635700585031,39.09862420017642]],[[98.69427340573957,39.09786753003628],[98.70180591586966,39.09671755020467],[98.69914587608665,39.102328081125926],[98.69427340573957,39.09786753003628]],[[98.66559149145347,39.25719808680742],[98.67314419463625,39.25604988036112],[98.67047457999591,39.26166145690992],[98.66559149145347,39.25719808680742]],[[98.62243464656393,39.42290682846397],[98.64482487117874,39.410714146385295],[98.6491204148082,39.42236572652271],[98.62243464656393,39.42290682846397]],[[98.6261536934736,39.102468659889965],[98.6212865328757,39.09800458204153],[98.62882042805477,39.0968600555038],[98.6261536934736,39.102468659889965]],[[98.63148667402885,39.09125144471931],[98.63635404145548,39.09571496866083],[98.62882042805477,39.0968600555038],[98.63148667402885,39.09125144471931]],[[98.62002373859941,39.40129115331253],[98.62759515746113,39.40014602638726],[98.62491503516038,39.405757995100394],[98.62002373859941,39.40129115331253]],[[98.61009130724156,39.263176456632294],[98.61764579162299,39.262032385058085],[98.61497081612411,39.26764256085332],[98.61009130724156,39.263176456632294]],[[98.60205611537181,39.28162858189912],[98.609613033486,39.280485068904916],[98.60693651125851,39.2860952380542],[98.60205611537181,39.28162858189912]],[[98.59465377713647,39.120006679745465],[98.60219087884376,39.11886409219718],[98.59952074458091,39.124472242951946],[98.59465377713647,39.120006679745465]],[[98.57334853556215,39.37563887254292],[98.5815128296681,39.373521076774146],[98.57795177184109,39.38407020896706],[98.57334853556215,39.37563887254292]],[[98.57195324922264,39.393502446916024],[98.57952460249929,39.39236093200151],[98.57684039711715,39.39797154186373],[98.57195324922264,39.393502446916024]],[[98.54730479915128,39.10750312813713],[98.5548412439042,39.10636410847663],[98.55216731682816,39.11197086202088],[98.54730479915128,39.10750312813713]],[[98.36028729111221,39.130210184818665],[98.36298291831085,39.136548890402516],[98.34945503157225,39.13375719934724],[98.36028729111221,39.130210184818665]],[[98.53571969875937,39.10202026177068],[98.54325568401049,39.10088212075529],[98.54058093520102,39.106488504424796],[98.53571969875937,39.10202026177068]],[[98.48949771426358,39.36451201662782],[98.49706700788353,39.36337673310966],[98.49437649321547,39.36898483501099],[98.48949771426358,39.36451201662782]],[[98.47581491748137,39.0934134292253],[98.48335095502489,39.09227978597668],[98.48067109659374,39.097884480516186],[98.47581491748137,39.0934134292253]],[[98.46053445854022,39.115535445193515],[98.45567835017334,39.11106326333236],[98.46321693378314,39.109931084607396],[98.46053445854022,39.115535445193515]],[[98.46713956818148,39.104168353828086],[98.47731508286472,39.10892534447997],[98.46321693378314,39.109931084607396],[98.46713956818148,39.104168353828086]],[[98.33485550268601,39.48664564674919],[98.32997902670552,39.48216412048888],[98.33756591074565,39.481040511720046],[98.33485550268601,39.48664564674919]],[[98.33756591074565,39.481040511720046],[98.36432860244282,39.47159033645553],[98.37037678728989,39.4812041626866],[98.33756591074565,39.481040511720046]],[[98.28948287947938,39.12855627741463],[98.2970266773757,39.127436486065655],[98.29432821742428,39.13303661216637],[98.28948287947938,39.12855627741463]],[[98.28500615287145,39.44598143503169],[98.29258935874672,39.44486127085347],[98.2898764222317,39.450464809618474],[98.28500615287145,39.44598143503169]],[[98.20414571918762,39.123277322460794],[98.21572272574379,39.11839815983435],[98.22452711217979,39.12258018832246],[98.21974635540387,39.12859171250324],[98.20414571918762,39.123277322460794]],[[98.22690330026026,39.11959195608405],[98.24426707052328,39.11757429732731],[98.23615893391342,39.12810375961861],[98.22690330026026,39.11959195608405]],[[98.1899616918871,39.525321213938476],[98.20416057537972,39.52435288229818],[98.20018592652889,39.530110133020194],[98.1899616918871,39.525321213938476]],[[98.18308408099846,39.481857025288626],[98.19067362535475,39.48074441244602],[98.1879497096891,39.4863456070795],[98.18308408099846,39.481857025288626]],[[98.1457931918994,39.5410205377623],[98.1533908002205,39.53991059010458],[98.15066080105026,39.545511420063676],[98.1457931918994,39.5410205377623]],[[98.1378899126482,39.50252421727347],[98.14548285953184,39.5014149436956],[98.14275385950715,39.50701514652893],[98.1378899126482,39.50252421727347]],[[98.0517573845079,39.13138458594407],[98.05930584834424,39.13028257351601],[98.05658551596558,39.13587634615839],[98.0517573845079,39.13138458594407]],[[98.03060344061666,39.15045727880224],[98.05165805342074,39.14398049744655],[98.05576342651374,39.15215321583321],[98.03060344061666,39.15045727880224]],[[98.02318660076847,39.58588543216154],[98.03798261460412,39.584242120598624],[98.05356902413018,39.591976362784074],[98.04997015440823,39.598742773567814],[98.02318660076847,39.58588543216154]],[[98.0403509871836,39.178017920687935],[98.04790541373346,39.17691665778067],[98.04518196326103,39.18251065041078],[98.0403509871836,39.178017920687935]],[[98.01039372996821,39.16689559358954],[98.03084516493777,39.16625224970567],[98.026058234883,39.17202177396159],[98.01039372996821,39.16689559358954]],[[98.01832471283052,39.15752305500016],[98.02587700446462,39.15642348629938],[98.02315245189068,39.16201665292231],[98.01832471283052,39.15752305500016]],[[97.93587444954579,39.23181806411662],[97.93104761773121,39.227319661672965],[97.93861010336599,39.22622647210977],[97.93587444954579,39.23181806411662]],[[97.93861010336599,39.22622647210977],[97.97177564088018,39.16828724476405],[98.01512857211944,39.176124541004405],[98.01759364371021,39.19587211436679],[97.93861010336599,39.22622647210977]],[[97.9526233245896,39.60261120468255],[97.96712987933324,39.61917188066451],[97.9280405294264,39.61223958312574],[97.9526233245896,39.60261120468255]],[[97.97330895200331,39.61300131664154],[97.9987506116382,39.60526957853164],[97.99766249947078,39.614687653439645],[97.97330895200331,39.61300131664154]],[[97.96820055274809,39.06393263382707],[97.97574220318043,39.062837026055504],[97.97301723642366,39.06842777333157],[97.96820055274809,39.06393263382707]],[[97.9612515615593,39.59954856306457],[97.96885983761523,39.59845231411558],[97.96611020678037,39.60404878872002],[97.9612515615593,39.59954856306457]],[[97.95640122154389,39.271787558025515],[97.9639687601417,39.27069237278594],[97.96123343659903,39.276285147778594],[97.95640122154389,39.271787558025515]],[[97.95396306316289,39.08190285906414],[97.96150718171442,39.08080827654066],[97.95878011521538,39.08639884419036],[97.95396306316289,39.08190285906414]],[[97.95172833462443,39.04855362455022],[97.95926838627709,39.04745928416406],[97.95654260013941,39.05304940967218],[97.95172833462443,39.04855362455022]],[[97.89426527922544,39.121130460293294],[97.9022731039778,39.11932459035945],[97.90172599126515,39.124028593117146],[97.89426527922544,39.121130460293294]],[[97.84511591981531,39.243348373760035],[97.85230402670798,39.245482412944575],[97.8465133182634,39.249231803110746],[97.84511591981531,39.243348373760035]],[[97.94020801514394,39.04300315799571],[97.94774758943322,39.041909692299825],[97.94502099895827,39.047499442381],[97.94020801514394,39.04300315799571]],[[97.92198314433337,39.62054696848302],[97.92959475779134,39.619453618022845],[97.92684055945179,39.625049251726836],[97.92198314433337,39.62054696848302]],[[97.91779760823133,39.232147001763394],[97.92596516687848,39.23008274228459],[97.92229942486472,39.240605452880615],[97.91779760823133,39.232147001763394]],[[97.89917121849939,39.23921833761274],[97.91277134587877,39.23864260882877],[97.9096822293227,39.248678834634],[97.89917121849939,39.23921833761274]],[[97.87330403781742,39.25171399007524],[97.88087057551758,39.25062507095174],[97.87812854320647,39.25621537023039],[97.87330403781742,39.25171399007524]],[[97.85831790144128,39.26904587148832],[97.85349384288654,39.26454343041669],[97.8610623232544,39.26345596694319],[97.85831790144128,39.26904587148832]],[[97.86473998591185,39.252935001262635],[97.86923598516138,39.261396166438466],[97.8610623232544,39.26345596694319],[97.86473998591185,39.252935001262635]],[[97.83478269978812,39.26795918991754],[97.84235193657383,39.266873120368885],[97.83960564840693,39.27246255467479],[97.83478269978812,39.26795918991754]],[[97.8199356068238,39.28617955011105],[97.83408460050492,39.28526345437028],[97.83009067373823,39.29100345919753],[97.8199356068238,39.28617955011105]],[[97.82323163069618,39.26239288511863],[97.83080038298768,39.26130769276311],[97.82805328784202,39.26689675113827],[97.82323163069618,39.26239288511863]],[[97.82096459281182,39.33340246351148],[97.82854219540147,39.33231728776216],[97.82579169544414,39.33790707183742],[97.82096459281182,39.33340246351148]],[[97.81606946439048,39.27137150804863],[97.82363945685749,39.270286832673094],[97.82089130224772,39.27587579630306],[97.81606946439048,39.27137150804863]],[[97.79001860142098,39.536059472205395],[97.80461210741859,39.53469476108624],[97.79573305877577,39.54489512961312],[97.79001860142098,39.536059472205395]],[[97.79533158227936,39.54990058043855],[97.80293662200975,39.54881686772115],[97.80017397355834,39.55440830774954],[97.79533158227936,39.54990058043855]],[[97.78126078401908,39.3590413922686],[97.7888422780379,39.35795913596276],[97.78608698266237,39.36354812216498],[97.78126078401908,39.3590413922686]],[[97.77704087416785,39.54486465321847],[97.78525520535926,39.54281051838937],[97.78154625078233,39.553334547215464],[97.77704087416785,39.54486465321847]],[[97.77428581995818,39.57213706574986],[97.78189401616743,39.57105488420275],[97.77912842178178,39.5766459887446],[97.77428581995818,39.57213706574986]],[[97.75342378561136,39.33355184720172],[97.77951289150795,39.33356494667291],[97.77231560431701,39.34247424202463],[97.75342378561136,39.33355184720172]],[[97.7688581827013,39.51478189513096],[97.77645930456475,39.513700239563605],[97.77369581768399,39.51929058171227],[97.7688581827013,39.51478189513096]],[[97.76119671762082,39.476258606206606],[97.76879316626507,39.47517760535903],[97.76603072411406,39.480767323218046],[97.76119671762082,39.476258606206606]],[[97.7554755373584,39.5755401901171],[97.76308449414562,39.574459411400255],[97.76031701498317,39.58005003961668],[97.7554755373584,39.5755401901171]],[[97.75435027222795,39.58495508089361],[97.76196042752397,39.58387436707816],[97.75919241629298,39.589465064958866],[97.75435027222795,39.58495508089361]],[[97.73978636140463,39.19029133009013],[97.75391435974707,39.18938662782736],[97.7499191722888,39.1951223626697],[97.73978636140463,39.19029133009013]],[[97.74387328745647,39.569961474699625],[97.75148175230437,39.56888157715277],[97.74871346013674,39.57447182950013],[97.74387328745647,39.569961474699625]],[[97.73871319545862,39.4081944840296],[97.746301559226,39.40711531125223],[97.74354013957348,39.412703676635914],[97.73871319545862,39.4081944840296]],[[97.72947030280005,39.372112634732346],[97.74529150680203,39.3643289280755],[97.73996462605712,39.3798287930687],[97.72947030280005,39.372112634732346]],[[97.7157291333417,39.487741992737945],[97.73786629804577,39.47770718578086],[97.74067031951417,39.49268827420457],[97.7157291333417,39.487741992737945]],[[97.73170888462907,39.569088689599695],[97.73931745627816,39.568009705652955],[97.73654808533998,39.57359961687723],[97.73170888462907,39.569088689599695]],[[97.70717666039566,39.457803760995304],[97.70268869192385,39.44933212973021],[97.71089264424234,39.447284392865456],[97.70717666039566,39.457803760995304]],[[97.71365862675857,39.44169654166164],[97.7184863708095,39.44620722260996],[97.71089264424234,39.447284392865456],[97.71365862675857,39.44169654166164]],[[97.71064150595379,39.387186845750925],[97.71822775137764,39.38610982089478],[97.71546470985002,39.39169719083418],[97.71064150595379,39.387186845750925]],[[97.69518486609839,39.30582794337412],[97.71568603107917,39.30524831711002],[97.71085843289177,39.31100444499421],[97.69518486609839,39.30582794337412]],[[97.70555956032534,39.42953746026417],[97.7131511692337,39.42846072694604],[97.71038574112549,39.43404842042886],[97.70555956032534,39.42953746026417]],[[97.70288314229605,39.40086519633832],[97.71047122733596,39.399788723970175],[97.70770685452541,39.40537603173291],[97.70288314229605,39.40086519633832]],[[97.69712754126452,39.29603923639275],[97.70470269838468,39.29496341801175],[97.70194254472953,39.300549415049524],[97.69712754126452,39.29603923639275]],[[97.69147851339162,39.34308649202705],[97.69905961279301,39.34201099660008],[97.69629681321369,39.347597359187134],[97.69147851339162,39.34308649202705]],[[97.6829886135592,39.41366495623237],[97.69057864373079,39.412589947807625],[97.68781186615811,39.4181768519906],[97.6829886135592,39.41366495623237]],[[97.68248667049517,39.57028992010288],[97.6900962647162,39.56921462345407],[97.68732231373951,39.57480320349625],[97.68248667049517,39.57028992010288]],[[97.65823414521718,39.255843975359106],[97.67347288162512,39.24999076684321],[97.67804062023502,39.26043000516788],[97.65823414521718,39.255843975359106]],[[97.65037723538283,39.468131652580844],[97.66006221817533,39.462592649941335],[97.67283917194403,39.47381213783113],[97.65037723538283,39.468131652580844]],[[97.66062566639079,39.49748981653042],[97.66822654544414,39.49641630909127],[97.66545390452714,39.502003510891164],[97.66062566639079,39.49748981653042]],[[97.65511736172212,39.64428356287092],[97.6627367116535,39.64321016688668],[97.6599568626393,39.64879878385794],[97.65511736172212,39.64428356287092]],[[97.6528511348887,39.35926524410178],[97.66043492593352,39.35819260895724],[97.65766785514951,39.36377809401371],[97.6528511348887,39.35926524410178]],[[97.65190398491801,39.4398890628248],[97.64608247011621,39.44362838656855],[97.64469998133893,39.43773994835208],[97.65190398491801,39.4398890628248]],[[97.63679795446095,39.4320196988401],[97.65189718244736,39.426701765230355],[97.64469998133893,39.43773994835208],[97.63679795446095,39.4320196988401]],[[97.59336429423381,39.48900510867799],[97.56251941482678,39.48848662100193],[97.59099029943643,39.47654216375713],[97.59336429423381,39.48900510867799]],[[97.6019395113418,39.46012562245477],[97.61324570973244,39.46660774889756],[97.64635306268028,39.47349142851171],[97.59099029943643,39.47654216375713],[97.6019395113418,39.46012562245477]],[[97.62479900031389,39.485686452521094],[97.63899727075415,39.484797320671454],[97.63497185780123,39.49053184093497],[97.62479900031389,39.485686452521094]],[[97.61157216034374,39.34675813956716],[97.61915512142444,39.34568862442877],[97.61638483814222,39.351272842539984],[97.61157216034374,39.34675813956716]],[[97.61065729644191,39.05250219580705],[97.61820385793007,39.05143338314889],[97.6154467928792,39.05701427348238],[97.61065729644191,39.05250219580705]],[[97.6002659952265,39.50096047955506],[97.59589420594098,39.511676240470486],[97.59419168511859,39.50051572397618],[97.6002659952265,39.50096047955506]],[[97.60917136195016,39.490778107253725],[97.61485530074555,39.49962315718839],[97.6002659952265,39.50096047955506],[97.60917136195016,39.490778107253725]],[[97.5869825454142,39.4983622533803],[97.5928129251121,39.494625930124975],[97.59419168511859,39.50051572397618],[97.5869825454142,39.4983622533803]],[[97.60403104360509,39.30823568829655],[97.61160935073497,39.307166819870794],[97.60884012568278,39.31275040653146],[97.60403104360509,39.30823568829655]],[[97.59339530870912,39.34542521902831],[97.60097842267268,39.34435706900853],[97.5982065358057,39.34994077463293],[97.59339530870912,39.34542521902831]],[[97.57898173566207,39.36335240156276],[97.58656733127711,39.36228529410198],[97.58379330981538,39.36786880177111],[97.57898173566207,39.36335240156276]],[[97.5628846062841,39.49500430791914],[97.57654496355346,39.49447358619037],[97.57338740995375,39.50450447581806],[97.5628846062841,39.49500430791914]],[[97.56610218090482,39.61879419944102],[97.57371990247965,39.617727530185874],[97.57093303302402,39.62331343906654],[97.56610218090482,39.61879419944102]],[[97.56517523981215,39.47627151141425],[97.57277514773298,39.475205203474246],[97.56999471510417,39.48078956232213],[97.56517523981215,39.47627151141425]],[[97.55390881176389,39.518174890150796],[97.56151415116409,39.517109340564296],[97.55873076979367,39.522693841747],[97.55390881176389,39.518174890150796]],[[97.55191435877366,39.68424476039303],[97.55954054408167,39.683179023227076],[97.55674936404786,39.68876523257795],[97.55191435877366,39.68424476039303]],[[97.54840149393527,39.70875207551198],[97.5566457233373,39.70671582566784],[97.55288709451318,39.717234715758316],[97.54840149393527,39.70875207551198]],[[97.54173586103138,39.50666951078094],[97.5510963789012,39.502097833391105],[97.55533639981152,39.513530578421296],[97.54173586103138,39.50666951078094]],[[97.54691962123258,39.07625742204949],[97.55447022072414,39.07519333192919],[97.55170627732515,39.08077274767534],[97.54691962123258,39.07625742204949]],[[97.52060015668425,39.33472293649303],[97.51579587568986,39.330203828642254],[97.52337845300805,39.32914152709326],[97.52060015668425,39.33472293649303]],[[97.52714693759799,39.32334149486831],[97.52943518574295,39.329590374707394],[97.52337845300805,39.32914152709326],[97.52714693759799,39.32334149486831]],[[97.5366223537257,39.331747226265925],[97.53080409926797,39.335479131501124],[97.52943518574295,39.329590374707394],[97.5366223537257,39.331747226265925]],[[97.5323497000295,39.106762488185645],[97.51539917861693,39.09601270054356],[97.53350028584596,39.09735896614869],[97.5323497000295,39.106762488185645]],[[97.52518636155989,39.6975432601935],[97.53342984700093,39.69550893488925],[97.52966788808631,39.706026745957665],[97.52518636155989,39.6975432601935]],[[97.5061134171889,39.11117880591177],[97.51366903363832,39.110117697246096],[97.51089979324681,39.11569639052198],[97.5061134171889,39.11117880591177]],[[97.48833214826755,39.404118076446515],[97.49592440049946,39.40305767930463],[97.49314021955274,39.4086391445605],[97.48833214826755,39.404118076446515]],[[97.47657746327327,39.59793414381972],[97.4841941369323,39.596874231068355],[97.48139999696625,39.602457459082494],[97.47657746327327,39.59793414381972]],[[97.46578284804646,39.63139483361523],[97.47401934470521,39.62936557735054],[97.47025119676245,39.639879878497084],[97.46578284804646,39.63139483361523]],[[97.46291027971826,39.41171885003801],[97.4705039209778,39.41066034321465],[97.46771706434893,39.416241192097225],[97.46291027971826,39.41171885003801]],[[97.44797466644944,39.52613505416001],[97.46922082903339,39.51977530464496],[97.46620744218541,39.5274532154073],[97.44797466644944,39.52613505416001]],[[97.45657079971791,39.610694224268244],[97.46418942165778,39.609635786443],[97.46139285663146,39.615218599124866],[97.45657079971791,39.610694224268244]],[[97.42711157167633,39.404291975529766],[97.43470490870813,39.403236168391906],[97.43191511358629,39.408815950651075],[97.42711157167633,39.404291975529766]],[[97.42593876234234,39.41370003454477],[97.43353329200914,39.412644295905466],[97.43074295884867,39.41822414839167],[97.42593876234234,39.41370003454477]],[[97.41339384479487,39.61221814887943],[97.42101340895918,39.6111629468916],[97.41821280681847,39.61674458605245],[97.41339384479487,39.61221814887943]],[[97.40210638584412,39.50243197557901],[97.41631176303217,39.50157400652703],[97.41226427188202,39.50729984709586],[97.40210638584412,39.50243197557901]],[[97.39382073896003,39.66457324786784],[97.41512101619612,39.658223164007815],[97.4120939144835,39.66590148818194],[97.39382073896003,39.66457324786784]],[[97.40653499147272,39.568955820306286],[97.41414925333822,39.567901219920856],[97.41135001386503,39.57348221032856],[97.40653499147272,39.568955820306286]],[[97.38731640400566,39.41996081036518],[97.38287572215944,39.41147570940963],[97.39108525766514,39.40945403175283],[97.38731640400566,39.41996081036518]],[[97.39108525766514,39.40945403175283],[97.40787640975526,39.40221481579126],[97.41156101223623,39.408997871355716],[97.39108525766514,39.40945403175283]],[[97.3825838143129,39.4029106405389],[97.37229693308672,39.396464574506616],[97.38895344084804,39.393453736698895],[97.3825838143129,39.4029106405389]],[[97.38876566048259,39.16910004655669],[97.40289382065286,39.168244514690706],[97.39886713039044,39.17396605646971],[97.38876566048259,39.16910004655669]],[[97.38165348056111,39.51178585375304],[97.39691386135486,39.509615067675135],[97.3913449225316,39.52056474325682],[97.38165348056111,39.51178585375304]],[[97.36494201737018,39.65162885736266],[97.37918282329905,39.65077584933282],[97.37512188408785,39.65650183576092],[97.36494201737018,39.65162885736266]],[[97.36211838493983,39.57452808980952],[97.35730694591572,39.56999935644514],[97.36492219107235,39.56894844692993],[97.36211838493983,39.57452808980952]],[[97.36772548264491,39.56336878606165],[97.37253717291155,39.56789696822412],[97.36492219107235,39.56894844692993],[97.36772548264491,39.56336878606165]],[[97.37185035464778,39.500107566449294],[97.35663986503071,39.512962474585514],[97.3358023904328,39.516310170106905],[97.35558576780814,39.49699991913516],[97.37185035464778,39.500107566449294]],[[97.3604210482339,39.593984491394494],[97.36803924475201,39.592933300087374],[97.36523461824125,39.598513284046746],[97.3604210482339,39.593984491394494]],[[97.35148803392588,39.66083218868751],[97.35973233544426,39.658812087940646],[97.35594257001237,39.66932272305154],[97.35148803392588,39.66083218868751]],[[97.33676901364902,39.72679028629283],[97.35809710536445,39.72045141737245],[97.35505967991558,39.72812893698534],[97.33676901364902,39.72679028629283]],[[97.35007109192192,39.38423790864558],[97.35766326208106,39.38318792028334],[97.35486733428415,39.388765358512096],[97.35007109192192,39.38423790864558]],[[97.34336508309404,39.58319546166149],[97.35098222236216,39.582145571620025],[97.34817652787231,39.58772496974795],[97.34336508309404,39.58319546166149]],[[97.33518581216488,39.3942988216395],[97.35041843648291,39.392135523419675],[97.34485188075492,39.40308014916168],[97.33518581216488,39.3942988216395]],[[97.34104648164883,39.40729535619368],[97.34864167974045,39.40624599719232],[97.34584386828165,39.41182343779848],[97.34104648164883,39.40729535619368]],[[97.34599711760345,39.33007571677207],[97.33566430388322,39.315047618131956],[97.34777226821433,39.315967402673394],[97.34599711760345,39.33007571677207]],[[97.33754624251198,39.67776633885914],[97.34517534995693,39.67671669708133],[97.34236474993122,39.68229693305834],[97.33754624251198,39.67776633885914]],[[97.32589656978908,39.377953125900746],[97.34007401500408,39.377106040026554],[97.3360276298606,39.38282745042783],[97.32589656978908,39.377953125900746]],[[97.31062262387096,39.35749795606489],[97.31821214372334,39.35645098142629],[97.31541383413577,39.36202703666113],[97.31062262387096,39.35749795606489]],[[97.31770730306026,39.56727708264896],[97.30673723612922,39.57071477393766],[97.30413279970759,39.56434297098515],[97.31770730306026,39.56727708264896]],[[97.29692641638498,39.562168627370745],[97.30278069895729,39.55844855110038],[97.30413279970759,39.56434297098515],[97.29692641638498,39.562168627370745]],[[97.30417825313974,39.45672963198178],[97.31178025133578,39.45568293728098],[97.30897679225934,39.461259895444165],[97.30417825313974,39.45672963198178]],[[97.28879473299072,39.378989576680546],[97.28400416747078,39.37445908512833],[97.29159625532547,39.373414071996294],[97.28879473299072,39.378989576680546]],[[97.29884748546603,39.364471008954645],[97.30371514457107,39.37433923810069],[97.29159625532547,39.373414071996294],[97.29884748546603,39.364471008954645]],[[97.31089957340568,39.37651230983086],[97.3050632532342,39.38023154417506],[97.30371514457107,39.37433923810069],[97.31089957340568,39.37651230983086]],[[97.28496090159292,39.536261217170605],[97.30343117971267,39.52153981468616],[97.29252534944294,39.53772457000269],[97.28496090159292,39.536261217170605]],[[97.29094257001226,39.512714562678],[97.29855179026178,39.511668747449356],[97.29574453894931,39.517245942770664],[97.29094257001226,39.512714562678]],[[97.29099634336859,39.56988318006175],[97.271893972867,39.55022953873822],[97.27853621781107,39.52439162485614],[97.2755402559374,39.54791319086106],[97.29099634336859,39.56988318006175]],[[97.28134537611783,39.51881482928856],[97.28614711171603,39.52334671690438],[97.27853621781107,39.52439162485614],[97.28134537611783,39.51881482928856]],[[97.2905031257609,39.543263280180824],[97.29530747400517,39.547794946816786],[97.28769367794482,39.54884059099207],[97.2905031257609,39.543263280180824]],[[97.27860834474463,39.41305188499936],[97.28682154497706,39.411038655094806],[97.28303461751041,39.42154157661146],[97.27860834474463,39.41305188499936]],[[97.26165078855432,39.405898316169726],[97.27529370218416,39.405408267337364],[97.27209120521414,39.415427969833495],[97.26165078855432,39.405898316169726]],[[97.26048963685834,39.45915683709767],[97.26870965418863,39.45714489585254],[97.26491673476252,39.46764808158697],[97.26048963685834,39.45915683709767]],[[97.2585213450063,39.76679667734997],[97.26616302166278,39.76575279221657],[97.26334102037485,39.771331768172445],[97.2585213450063,39.76679667734997]],[[97.25797014142113,39.38671091713523],[97.26556420108608,39.38566783164831],[97.26275973464243,39.391242749424585],[97.25797014142113,39.38671091713523]],[[97.23260539851994,39.76428932878127],[97.22174782278412,39.75898532921626],[97.23688137879313,39.754012053389985],[97.23260539851994,39.76428932878127]],[[97.23688137879313,39.754012053389985],[97.25333506248735,39.74685550154738],[97.26355789030971,39.754160502000104],[97.23688137879313,39.754012053389985]],[[97.23472603188158,39.561308456130824],[97.25550793909109,39.56063240943013],[97.2508347137099,39.571425343425354],[97.23472603188158,39.561308456130824]],[[97.23926322680678,39.38557304127977],[97.25344364067567,39.384738077096614],[97.24938862038032,39.39045610648078],[97.23926322680678,39.38557304127977]],[[97.23894750051875,39.72354819973953],[97.24720406550196,39.72153699246394],[97.24339088321979,39.732044656340776],[97.23894750051875,39.72354819973953]],[[97.23697782876995,39.59510902441113],[97.24521701332071,39.593098464497324],[97.2414115459407,39.60360351210453],[97.23697782876995,39.59510902441113]],[[97.2308400873143,39.38466978692721],[97.23102477237515,39.40041515187976],[97.21887313204256,39.399705119604896],[97.2308400873143,39.38466978692721]],[[97.22416979263289,39.551369342605845],[97.23240347526499,39.549359989931496],[97.2285985316373,39.559863680918156],[97.22416979263289,39.551369342605845]],[[97.20275876422127,39.38187526684938],[97.19797436809229,39.37734068069269],[97.20556828513553,39.37630211504967],[97.20275876422127,39.38187526684938]],[[97.2098246399228,39.366464541067714],[97.22828191554527,39.35729159245815],[97.21776213248279,39.375106628207845],[97.2098246399228,39.366464541067714]],[[97.21629586643195,39.568750307192445],[97.22391338079417,39.56770998077577],[97.22109669526039,39.57328570645894],[97.21629586643195,39.568750307192445]],[[97.21508725234362,39.57815887762549],[97.22270596630817,39.577118623188845],[97.21988873406012,39.58269441543791],[97.21508725234362,39.57815887762549]],[[97.20286090422248,39.57188203122771],[97.19806154663465,39.56734578181614],[97.20567919690052,39.56630682662736],[97.20286090422248,39.57188203122771]],[[97.2205907241626,39.56184038177656],[97.17516376393283,39.54897419340687],[97.21511370587793,39.5500597764446],[97.21972369402037,39.53253820433392],[97.2205907241626,39.56184038177656]],[[97.19365661163582,39.78080737683965],[97.19004592358336,39.766915969062055],[97.20457681799414,39.76579229072207],[97.20917924869167,39.7751665267473],[97.19365661163582,39.78080737683965]],[[97.20740396779205,39.76021500255465],[97.21221929532557,39.76475245720377],[97.20457681799414,39.76579229072207],[97.20740396779205,39.76021500255465]],[[97.20230984979361,39.57819107112567],[97.21054788744758,39.57618338912266],[97.20673748797468,39.58668679817387],[97.20230984979361,39.57819107112567]],[[97.2028012306383,39.33972279795119],[97.21039038288468,39.33868394725005],[97.20758303510499,39.34425682061121],[97.2028012306383,39.33972279795119]],[[97.2092158847575,39.395580233257824],[97.18122438752312,39.40925910067967],[97.17598533329499,39.39999832068285],[97.2092158847575,39.395580233257824]],[[97.1950483179872,39.590777650061256],[97.20873326963567,39.59029639997776],[97.2055100512001,39.60031756441496],[97.1950483179872,39.590777650061256]],[[97.1926779292258,39.799773666311616],[97.20032489655628,39.798734660614215],[97.19749529776595,39.80431214973866],[97.1926779292258,39.799773666311616]],[[97.19536069279256,39.598768173564004],[97.1838181300214,39.61682747025457],[97.17744333733071,39.604069895903415],[97.19536069279256,39.598768173564004]],[[97.18945259044796,39.25321904528256],[97.1970312225238,39.25218137446298],[97.19422663186579,39.25775292100838],[97.18945259044796,39.25321904528256]],[[97.18700005149071,39.17333494576487],[97.19518407247668,39.17133010198987],[97.19139625708475,39.18182459758272],[97.18700005149071,39.17333494576487]],[[97.18760182732254,39.124896609812254],[97.19516460022959,39.12385934645107],[97.19236572072194,39.12942940229896],[97.18760182732254,39.124896609812254]],[[97.16530190452812,39.816976484753255],[97.17958435329002,39.81615119743231],[97.17549346635492,39.82187095159351],[97.16530190452812,39.816976484753255]],[[97.1707019200079,39.77533280658417],[97.17896780018702,39.77332694524278],[97.17513952997942,39.783833058790854],[97.1707019200079,39.77533280658417]],[[97.16523659715317,39.63132724909679],[97.17286283217099,39.6302906310727],[97.17003855837001,39.63586560187106],[97.16523659715317,39.63132724909679]],[[97.16404245255055,39.40320725366366],[97.17164017024658,39.40217118111442],[97.16882635413768,39.407743672895265],[97.16404245255055,39.40320725366366]],[[97.16221085895032,39.41357998283733],[97.17042796733331,39.41157619254341],[97.16662094710307,39.42207476112084],[97.16221085895032,39.41357998283733]],[[97.16096561755784,39.71178052340667],[97.1686020384301,39.71074406872805],[97.16577362752868,39.71631976464016],[97.16096561755784,39.71178052340667]],[[97.14129677747661,39.762909753958546],[97.16189372597796,39.76250381477466],[97.16577082482132,39.77041635146943],[97.1558284444758,39.77313746062248],[97.14129677747661,39.762909753958546]],[[97.15997684496124,39.740218953313914],[97.15409625988654,39.743932058718066],[97.15275474367105,39.7380336525286],[97.15997684496124,39.740218953313914]],[[97.13915003306023,39.735076532327945],[97.1501593074765,39.73165589781944],[97.15275474367105,39.7380336525286],[97.13915003306023,39.735076532327945]],[[97.14500091412428,39.26003714665419],[97.15954240980378,39.25876595089742],[97.15059607937383,39.26890405098312],[97.14500091412428,39.26003714665419]],[[97.1434246000273,39.60617842932023],[97.15765781158589,39.605356536762685],[97.15357905069831,39.611073156977604],[97.1434246000273,39.60617842932023]],[[97.14079229481807,39.7191388160814],[97.13598593075184,39.7145983704018],[97.14362313273955,39.71356378566715],[97.14079229481807,39.7191388160814]],[[97.1464534504741,39.707988734598004],[97.15126007420294,39.712528629544735],[97.14362313273955,39.71356378566715],[97.1464534504741,39.707988734598004]],[[97.14085517291015,39.72448103890921],[97.14849353599024,39.723446069439575],[97.14566268451277,39.72902133827765],[97.14085517291015,39.72448103890921]],[[97.1141974885374,39.78009050130276],[97.13505574600663,39.77943885892762],[97.14015099179265,39.79095404841853],[97.1141974885374,39.78009050130276]],[[97.13199880463387,39.27248849809661],[97.13958080293388,39.27145509703153],[97.13677008514954,39.27702526135069],[97.13199880463387,39.27248849809661]],[[97.12924934473705,39.766356332302585],[97.13689318198253,39.76532215342195],[97.13405930801751,39.770897533737056],[97.12924934473705,39.766356332302585]],[[97.10354337726923,39.75926045738828],[97.0933681499144,39.754359363203456],[97.10763682490621,39.753544256640836],[97.10354337726923,39.75926045738828]],[[97.11193498555953,39.736463504188116],[97.13560509642738,39.73510859298532],[97.10763682490621,39.753544256640836],[97.11193498555953,39.736463504188116]],[[97.12387403143161,39.61861477570636],[97.1314993756465,39.61758128757753],[97.12867189745631,39.62315497359403],[97.12387403143161,39.61861477570636]],[[97.09887172557623,39.878531697047535],[97.11606113250159,39.87779143466576],[97.13124977244338,39.885731748046894],[97.11036418691292,39.89459308766495],[97.09887172557623,39.878531697047535]],[[97.10956721753192,39.72249021249453],[97.13021429108197,39.722028946519146],[97.12529804569867,39.727761556639955],[97.10956721753192,39.72249021249453]],[[97.11156454551953,39.85084521292919],[97.12585571321735,39.85002740822515],[97.12175746231706,39.85574535903819],[97.11156454551953,39.85084521292919]],[[97.11035017296919,39.8065553036692],[97.11978945569003,39.80202094588601],[97.12396897181813,39.81347802790456],[97.11035017296919,39.8065553036692]],[[97.10968137437698,39.82187697460906],[97.11733255166585,39.82084415887417],[97.1144942794134,39.82641956618713],[97.10968137437698,39.82187697460906]],[[97.09993899598796,39.80210503070195],[97.10758784281386,39.801072984317464],[97.10474960007447,39.80664791706337],[97.09993899598796,39.80210503070195]],[[97.0987636013988,39.763986683047115],[97.10640765946735,39.76295479791289],[97.10357109274808,39.76852930464409],[97.0987636013988,39.763986683047115]],[[97.10584082599975,39.63621789150806],[97.09996700195218,39.63992714398318],[97.09863303787503,39.63402917681408],[97.10584082599975,39.63621789150806]],[[97.09142576921651,39.631839959886655],[97.09729933281825,39.62813125793311],[97.09863303787503,39.63402917681408],[97.09142576921651,39.631839959886655]],[[97.09395771390986,39.706576702661515],[97.10159462196626,39.70554528906188],[97.09876029689478,39.71111906544307],[97.09395771390986,39.706576702661515]],[[97.08243125037013,39.876773876500884],[97.07738218712853,39.86145544877842],[97.08675447338915,39.866005102466346],[97.08243125037013,39.876773876500884]],[[97.08675447338915,39.866005102466346],[97.10081735464614,39.85283734445035],[97.09896884818819,39.86695567241661],[97.08675447338915,39.866005102466346]],[[97.09763113987658,39.887495677507665],[97.0917324165977,39.89120618465156],[97.09039371557371,39.885305357709015],[97.09763113987658,39.887495677507665]],[[97.08315681517948,39.88311453303822],[97.08905527557513,39.87940457665406],[97.09039371557371,39.885305357709015],[97.08315681517948,39.88311453303822]],[[97.06603175688538,39.895498632278056],[97.05966143633033,39.90335193415845],[97.05861035164453,39.892335744951964],[97.06603175688538,39.895498632278056]],[[97.05861035164453,39.892335744951964],[97.05478413711919,39.86946047621866],[97.06765096046541,39.872763457359596],[97.05861035164453,39.892335744951964]],[[97.05670608559794,39.75594889032872],[97.06434984520955,39.754920178960276],[97.06150978800277,39.76049342976743],[97.05670608559794,39.75594889032872]],[[97.04251572234705,39.764716172757495],[97.06311393305337,39.76433022007165],[97.0462151575566,39.77158071645825],[97.04251572234705,39.764716172757495]],[[97.05176728341391,39.90769228043262],[97.0458637788488,39.91140027017802],[97.0445291049737,39.90549862538176],[97.05176728341391,39.90769228043262]],[[97.03151758192057,39.90298203382229],[97.04393159356869,39.894902918041474],[97.0445291049737,39.90549862538176],[97.03151758192057,39.90298203382229]],[[97.04111315532454,39.921123291610904],[97.04877805558824,39.9200954389171],[97.04592880606306,39.925669944238],[97.04111315532454,39.921123291610904]],[[97.03046232543794,39.76815106880901],[97.03810806856067,39.76712430505754],[97.03526502709708,39.77269694951478],[97.03046232543794,39.76815106880901]],[[97.01578191684958,39.78601200428773],[97.02343016176404,39.78498630910606],[97.02058493270351,39.790558727838935],[97.01578191684958,39.78601200428773]]],[[[97.36829494562977,39.29853336777423],[97.35413614122449,39.299384275631745],[97.36425641457603,39.304255019453564],[97.36829494562977,39.29853336777423]]],[[[97.39074131139049,39.31447227754951],[97.38813904260077,39.30810580730998],[97.37721952080138,39.31154937558025],[97.39074131139049,39.31447227754951]]],[[[97.19463931286548,39.31847135577268],[97.1864355363249,39.3204767440115],[97.19084226728187,39.32896891450487],[97.19463931286548,39.31847135577268]]],[[[97.23395275258096,39.46104238655583],[97.20676621967566,39.446902643471255],[97.2128991653831,39.46235712761708],[97.23395275258096,39.46104238655583]]],[[[97.29781263306823,39.6034910406348],[97.30262228854258,39.60802288166883],[97.30543310218826,39.60244452788603],[97.29781263306823,39.6034910406348]]],[[[97.28658752847898,39.605760901386276],[97.28793911106183,39.61165606818293],[97.29379871172566,39.60793615951791],[97.28658752847898,39.605760901386276]]],[[[97.34171633312044,39.613235263317506],[97.3290329463929,39.63918265247749],[97.35356313395046,39.63632923964399],[97.35958403836129,39.611296137028674],[97.34897640969224,39.62377898551592],[97.34171633312044,39.613235263317506]]],[[[97.21863806480302,39.679780276343074],[97.20537449797546,39.68429464709467],[97.20149093823645,39.694271166488555],[97.22200081792589,39.69391378739229],[97.21863806480302,39.679780276343074]]],[[[97.02292417923466,39.742163667610725],[97.0152813260072,39.74318924348293],[97.0200809127822,39.74773562955108],[97.02292417923466,39.742163667610725]]],[[[97.00684220583801,39.75590502806297],[97.0210609141171,39.75627769414687],[97.01649926350127,39.74931003220119],[97.00684220583801,39.75590502806297]]],[[[97.38382890746787,39.760397449164174],[97.36870583572124,39.76539262516389],[97.37957739661876,39.77068100215891],[97.38382890746787,39.760397449164174]]],[[[97.34754288807517,39.78721968615584],[97.35035787697932,39.78163821511245],[97.34271565159885,39.782688450818874],[97.34754288807517,39.78721968615584]]],[[[97.29125268015272,39.81043221694273],[97.27697311325227,39.811273150545745],[97.2871727263669,39.816156389363464],[97.29125268015272,39.81043221694273]]],[[[97.01368389782631,39.82804874770169],[97.01958124887801,39.824343185134026],[97.01235419500905,39.82214758140435],[97.01368389782631,39.82804874770169]]],[[[96.97996976325223,39.83385797316631],[96.97168905740637,39.83584789310302],[96.97610314985641,39.844357741539376],[96.97996976325223,39.83385797316631]]],[[[96.99703139666522,39.84471301740987],[96.98937516110718,39.845736842019825],[96.99418093141728,39.85028531085874],[96.99703139666522,39.84471301740987]]],[[[97.04358011919373,39.84694539004975],[97.0372119953578,39.85479659359133],[97.04462768129973,39.857960821287065],[97.04358011919373,39.84694539004975]]],[[[97.01285336791912,39.86497659504695],[97.01152293500293,39.85907501823924],[97.00562170730716,39.86278035026179],[97.01285336791912,39.86497659504695]]],[[[96.99099781876097,39.87134055275978],[96.98462030856051,39.87918881903233],[96.99203623216138,39.88235701331487],[96.99099781876097,39.87134055275978]]],[[[97.38730397753503,39.87945704674898],[97.37965004165147,39.880510244174786],[97.38448784658296,39.88504054166751],[97.38730397753503,39.87945704674898]]],[[[97.0832714786327,39.91943444422484],[97.08792428252922,39.904130731354584],[97.07926731742972,39.90682516226817],[97.0832714786327,39.91943444422484]]],[[[96.99113026113706,39.982147284022346],[96.96869162093974,39.98987388050855],[96.9826929295891,39.997738896729516],[96.99113026113706,39.982147284022346]]],[[[97.59009195257981,39.08257035243219],[97.58254106304447,39.08363712718861],[97.58733092273854,39.08815082859741],[97.59009195257981,39.08257035243219]]],[[[97.5499208728163,39.09571930654009],[97.55501386592245,39.1052929164637],[97.5802890067817,39.10385355741473],[97.57631123756771,39.0957856586358],[97.5499208728163,39.09571930654009]]],[[[97.57636938330253,39.19542793786121],[97.56223739996523,39.19630780097135],[97.57235715087887,39.20115670111513],[97.57636938330253,39.19542793786121]]],[[[97.56256025045198,39.20864438651231],[97.55499330263696,39.20970937002061],[97.55979100943209,39.214225532454],[97.56256025045198,39.20864438651231]]],[[[97.56141204190541,39.21805035584054],[97.55384390935605,39.21911527336181],[97.55864226972771,39.22363157559592],[97.56141204190541,39.21805035584054]]],[[[97.47030861499154,39.24152092797705],[97.50051554142226,39.23559254286121],[97.4684075157354,39.230119999772484],[97.47030861499154,39.24152092797705]]],[[[97.5959747033331,39.2348337184787],[97.58840509472608,39.235901261770884],[97.5932073282195,39.240416073206916],[97.5959747033331,39.2348337184787]]],[[[97.54644362249368,39.24067158323701],[97.52596257529565,39.24121682741038],[97.54160519309617,39.24641887932663],[97.54644362249368,39.24067158323701]]],[[[97.53923647989002,39.54870765941147],[97.531013084251,39.550741890378916],[97.53548460579167,39.55922276232415],[97.53923647989002,39.54870765941147]]],[[[97.50594648992882,39.55323534968338],[97.51409223977014,39.5674410421602],[97.52418336812649,39.559663161579884],[97.52042038246489,39.55206706276188],[97.50594648992882,39.55323534968338]]],[[[97.49144365871595,39.58791352564079],[97.4975259466855,39.588364510898266],[97.4952312373237,39.582111770780465],[97.49144365871595,39.58791352564079]]],[[[97.62519062446188,39.6658250322417],[97.6403211097601,39.67352048576323],[97.65121655345212,39.66880358624967],[97.6488445234083,39.65644996158681],[97.62519062446188,39.6658250322417]]],[[[97.62276346943992,39.66880218047268],[97.60333953847544,39.67688527447416],[97.60276421055981,39.68159275138558],[97.62701512826226,39.68019862386493],[97.62276346943992,39.66880218047268]]],[[[97.62943751034967,39.68686165276581],[97.61846357043642,39.690333792611476],[97.63208134367095,39.693226529675826],[97.62943751034967,39.68686165276581]]],[[[97.63093474829519,39.70264213525583],[97.65645739014225,39.694994930616595],[97.63208134367095,39.693226529675826],[97.63093474829519,39.70264213525583]]],[[[97.50800695414938,39.723773747413624],[97.5147536103278,39.71160109079918],[97.50730854089964,39.70783242446327],[97.50800695414938,39.723773747413624]]],[[[97.58692316515678,39.72155748848815],[97.58208329841439,39.71703817381486],[97.57929263651253,39.72262535601983],[97.58692316515678,39.72155748848815]]],[[[97.4966648344757,39.72708848904278],[97.49946331005754,39.721503529941536],[97.49183125380549,39.72256483661342],[97.4966648344757,39.72708848904278]]],[[[97.50476171636168,39.739271131865806],[97.49992656096367,39.73474776134327],[97.49712751691126,39.740332871129134],[97.50476171636168,39.739271131865806]]],[[[97.48434743990674,39.74413758096568],[97.47671227079087,39.74519779822464],[97.48154652760125,39.74972235970248],[97.48434743990674,39.74413758096568]]],[[[97.656838532427,39.742517585195245],[97.64859280638812,39.7445620911436],[97.6530950691321,39.75304087206463],[97.656838532427,39.742517585195245]]],[[[97.50349052314749,39.75692832579961],[97.49712751691126,39.740332871129134],[97.48789022497735,39.74447593470801],[97.50349052314749,39.75692832579961]]],[[[97.4526840876739,39.751288819581866],[97.44327767641288,39.75585356010602],[97.45692297029521,39.762731063599105],[97.4526840876739,39.751288819581866]]],[[[97.51731062178945,39.76874353548264],[97.52988042516013,39.78244577122192],[97.51483787515835,39.74639164403291],[97.51731062178945,39.76874353548264]]],[[[97.43813236019463,39.769209826148995],[97.43676265914274,39.76331492581966],[97.43089682245297,39.767044163549436],[97.43813236019463,39.769209826148995]]],[[[97.49776155470616,39.76784259595848],[97.49189903401454,39.77157537898215],[97.49913728952859,39.773736723211535],[97.49776155470616,39.76784259595848]]],[[[97.61857062611122,39.782768844851454],[97.64173872362065,39.77353267777093],[97.63624867555264,39.76002497683131],[97.61410203965765,39.76959403800833],[97.61857062611122,39.782768844851454]]],[[[97.43813236019463,39.769209826148995],[97.43950232764809,39.77510477248738],[97.4453684148481,39.77137498314502],[97.43813236019463,39.769209826148995]]],[[[97.55553391327737,39.780713897483906],[97.54531870359243,39.775857873830674],[97.54126509030098,39.78159182639008],[97.55553391327737,39.780713897483906]]],[[[97.54090181686429,39.80160993538227],[97.54676422333101,39.79787412358927],[97.53952138711188,39.795716069376525],[97.54090181686429,39.80160993538227]]],[[[97.46945497766103,39.81429989962685],[97.47709898296532,39.813240090935366],[97.47225999009304,39.808714785882415],[97.46945497766103,39.81429989962685]]],[[[97.49370553034241,39.81829391524707],[97.50140355067029,39.78996242212463],[97.53952138711188,39.795716069376525],[97.54126509030098,39.78159182639008],[97.53157508374714,39.78860930359458],[97.49913728952859,39.773736723211535],[97.4877332492945,39.78934501039752],[97.47735105046851,39.826940578131065],[97.46303261389662,39.84291183763841],[97.47423293292114,39.85063295474423],[97.55241919712022,39.814136507014545],[97.49370553034241,39.81829391524707]],[[97.4985218082711,39.789570325605936],[97.49265723245195,39.79330330250536],[97.49128168369948,39.7874088741941],[97.4985218082711,39.789570325605936]]],[[[97.46181070498395,39.81535913678075],[97.46664944799925,39.81988499357886],[97.46945497766103,39.81429989962685],[97.46181070498395,39.81535913678075]]],[[[97.62878532082672,40.04153248714544],[97.6103739077624,40.051460425521476],[97.62050422072876,40.0610365292272],[97.70038880431038,40.06569015684918],[97.69752382983982,40.04673899586629],[97.68413889335281,40.037416458362756],[97.62878532082672,40.04153248714544]],[[97.63346860793582,40.046524375265506],[97.62758742219768,40.05026686065196],[97.6261928414195,40.04437151728461],[97.63346860793582,40.046524375265506]],[[97.68368102170237,40.05729560361461],[97.66482679010547,40.05486856906172],[97.65411352303987,40.04823140706355],[97.68806196952357,40.044076712322585],[97.68368102170237,40.05729560361461]]],[[[97.59206989535295,40.070413605344655],[97.57773309713433,40.07129711294638],[97.58800093676355,40.07615247891145],[97.59206989535295,40.070413605344655]]],[[[97.65952334640846,40.07529225261919],[97.63875987691443,40.07586128696823],[97.6546287376159,40.081054010363296],[97.65952334640846,40.07529225261919]]],[[[97.82055577026718,39.0376421720058],[97.81301446156064,39.038726107259805],[97.81781776818228,39.043228423162695],[97.82055577026718,39.0376421720058]]],[[[97.68397505699977,39.06098790159106],[97.67642846836415,39.06206166132172],[97.68122355646327,39.06657069910856],[97.68397505699977,39.06098790159106]]],[[[97.64329869481753,39.11761945185785],[97.69320074383776,39.107728044678254],[97.68888110209443,39.08773853747771],[97.66405494663996,39.10572721177084],[97.63998256183383,39.10113197811461],[97.64329869481753,39.11761945185785]]],[[[97.69997268541718,39.549310998599736],[97.6951381302278,39.544798537849616],[97.69236575617536,39.55038699479643],[97.69997268541718,39.549310998599736]]],[[[97.75373222750157,39.55005259380524],[97.74612615817256,39.55113262124807],[97.75096499932627,39.555642706364054],[97.75373222750157,39.55005259380524]]],[[[97.70395954461847,39.55597138771621],[97.69635185275185,39.55704769646532],[97.70118747191368,39.5615602051426],[97.70395954461847,39.55597138771621]]],[[[97.81741217267061,39.65109698913596],[97.79913481924014,39.649841664760466],[97.79615672902764,39.65753121306287],[97.81741217267061,39.65109698913596]]],[[[97.78240732332051,39.65218093294702],[97.78860150672685,39.663810825326706],[97.79615672902764,39.65753121306287],[97.78240732332051,39.65218093294702]]],[[[97.85337163772634,39.67237167894547],[97.8570754108486,39.66184264981039],[97.84884740737836,39.66390306335293],[97.85337163772634,39.67237167894547]]],[[[97.68236813569291,39.66198681214846],[97.67566061399154,39.67416942541888],[97.6831119881442,39.67792552293736],[97.68236813569291,39.66198681214846]]],[[[97.75029950588612,39.67013201632622],[97.7551481434731,39.67464292058614],[97.7579204109083,39.669051431476085],[97.75029950588612,39.67013201632622]]],[[[97.6831119881442,39.67792552293736],[97.68450367663961,39.68381614030641],[97.69034586247574,39.68007289076729],[97.6831119881442,39.67792552293736]]],[[[97.78466409496365,39.7018238167546],[97.76486482053036,39.69649923577648],[97.7680682587826,39.706890672674604],[97.78466409496365,39.7018238167546]]],[[[97.68138555629587,39.71904727119152],[97.71130867327368,39.69895248827832],[97.66350135849927,39.71540781425161],[97.67242350412171,39.73638650969163],[97.69749775840162,39.73244188795691],[97.68138555629587,39.71904727119152]]],[[[97.70847199124962,39.72249426341659],[97.70084349296563,39.72357124854725],[97.70569272329047,39.72808496266613],[97.70847199124962,39.72249426341659]]],[[[97.67513583392925,39.74384010262256],[97.66087743233747,39.74473473075983],[97.67109664054396,39.7495788749972],[97.67513583392925,39.74384010262256]]],[[[97.8608888516462,39.89005699656472],[97.84559793784288,39.892042219173696],[97.8318545169636,39.92799924773237],[97.87289993996575,39.91457300218886],[97.86909602576422,39.90170325033371],[97.85293345658188,39.90810215621007],[97.8608888516462,39.89005699656472]]],[[[97.71201102102151,40.05054406944913],[97.7043411217433,40.05162196247137],[97.70921697336858,40.05613820669218],[97.71201102102151,40.05054406944913]]],[[[97.67066720087304,41.43805945959908],[97.74628925071964,41.461181110450326],[97.76000426063221,41.45261074996582],[97.67066720087304,41.43805945959908]]],[[[97.76181980105882,41.463598827449616],[97.76570111692634,41.45776904771232],[97.7594241385565,41.45733278369019],[97.76181980105882,41.463598827449616]]],[[[97.83988447222734,41.472419930472135],[97.82219808137413,41.46167845609972],[97.79708739671054,41.45994471206632],[97.80449065331051,41.47313341407536],[97.83988447222734,41.472419930472135]]],[[[97.84773651057532,41.47132941719872],[97.8427331568845,41.466809688819076],[97.83988447222734,41.472419930472135],[97.84773651057532,41.47132941719872]]],[[[97.86442976826729,41.478866166331734],[97.84863369146517,41.48556317541515],[97.83701389594272,41.496033229334834],[97.86214109113156,41.49775745681978],[97.86442976826729,41.478866166331734]]],[[[97.88140812005511,39.03723082550439],[97.86731710138349,39.03815308634028],[97.8774347917986,39.042969822876564],[97.88140812005511,39.03723082550439]]],[[[97.90834064040205,39.67184730764618],[97.87790855632284,39.67566036058577],[97.86648646102601,39.68624509231704],[97.88860284574255,39.68585927689265],[97.90834064040205,39.67184730764618]]],[[[97.84478445078834,39.69687688571564],[97.86249816723492,39.70052470613568],[97.86648646102601,39.68624509231704],[97.8528530569518,39.687323512068495],[97.84478445078834,39.69687688571564]]],[[[97.92292036161787,39.69949329470029],[97.91598087204284,39.68779647140605],[97.90860055951367,39.69394685795479],[97.92292036161787,39.69949329470029]]],[[[97.90860055951367,39.69394685795479],[97.89353756366337,39.69901926188181],[97.90444271994062,39.70425082366016],[97.90860055951367,39.69394685795479]]],[[[97.96322213926996,39.885902278272496],[97.96734620055113,39.90539473614735],[97.98616503571859,39.89435343524524],[97.96322213926996,39.885902278272496]]],[[[97.94285631892002,39.90384664821452],[97.9526918383682,39.912578082979],[97.95819506678907,39.90158981398686],[97.94285631892002,39.90384664821452]]],[[[97.93207167997885,39.91402694870376],[97.92442303651204,39.915121081063695],[97.92930429469358,39.91962570678616],[97.93207167997885,39.91402694870376]]],[[[97.96068963906508,39.932113328485215],[97.9782972200248,39.920123468762675],[97.9532874752217,39.92300097039632],[97.96068963906508,39.932113328485215]]],[[[97.90538341787118,39.931168995053135],[97.8977321241575,39.93226116029373],[97.90261277739624,39.93676720267634],[97.90538341787118,39.931168995053135]]],[[[97.92986322363437,39.93287260675114],[97.91451548531462,39.93512530747173],[97.92435199963532,39.94385996919463],[97.92986322363437,39.93287260675114]]],[[[97.91765757872582,39.98427547040278],[97.91821124315639,39.97956362950184],[97.89745889887593,39.98049362776914],[97.91765757872582,39.98427547040278]]],[[[97.86412166123976,41.463515379978084],[97.85811395775133,41.467279540753324],[97.86557355805739,41.46942068688118],[97.86412166123976,41.463515379978084]]],[[[97.87376334521052,41.47474317092998],[97.86557355805739,41.46942068688118],[97.86442976826729,41.478866166331734],[97.87376334521052,41.47474317092998]]],[[[97.91580843223078,41.47284924659534],[97.89455589035265,41.47347163436126],[97.9108229913808,41.47863596693862],[97.91580843223078,41.47284924659534]]],[[[98.11473808912525,39.124608384095446],[98.1065909971234,39.12668746010056],[98.11111113668466,39.135135677501914],[98.11473808912525,39.124608384095446]]],[[[98.0936853453019,39.849146756308436],[98.06036539132631,39.84916196321231],[98.0902464849371,39.85665978098569],[98.0936853453019,39.849146756308436]]],[[[98.06203995986606,39.856488785953246],[98.05440094314685,39.857592545460584],[98.05928722643073,39.86209047479492],[98.06203995986606,39.856488785953246]]],[[[98.0492711925848,39.860365174998215],[98.0355326376572,39.860959977524644],[98.0461729922801,39.870417510040355],[98.0492711925848,39.860365174998215]]],[[[98.08484067831417,39.92640051351602],[98.15772819053832,39.88196559634601],[98.16457245148061,39.842502562562736],[98.05532138599158,39.878810316333315],[98.02997231435378,39.87257369191775],[98.0547513393901,39.88978188544878],[98.02603352542032,39.90151378950853],[98.06287159361408,39.903579631422424],[98.04592382574786,39.9206019542925],[98.08484067831417,39.92640051351602]],[[98.10182300481102,39.887930309621396],[98.11173541869044,39.86394659912005],[98.1548175144817,39.85328124265755],[98.14768706709897,39.86889750099554],[98.10182300481102,39.887930309621396]],[[98.08677484254481,39.88795901427378],[98.0822018437469,39.87949744420535],[98.09045117608154,39.877417317819905],[98.08677484254481,39.88795901427378]],[[98.07291947234474,39.901262619447415],[98.0683474057133,39.89280022317647],[98.07659902765346,39.890721167191444],[98.07291947234474,39.901262619447415]]],[[[98.02668378908987,39.88418792325526],[98.03157015937781,39.888687399394186],[98.03432666787533,39.88308618730863],[98.02668378908987,39.88418792325526]]],[[[98.00320253440394,39.88569873684177],[97.99555875981505,39.88679814515105],[98.00044302628231,39.89129913379041],[98.00320253440394,39.88569873684177]]],[[[98.0251481092784,39.89091387198658],[98.01930633466127,39.894677792987686],[98.02657799431468,39.89680207034096],[98.0251481092784,39.89091387198658]]],[[[98.02603352542032,39.90151378950853],[97.9946507434892,39.901507777996294],[97.98713924738394,39.917837303591924],[98.02117084782087,39.91575706546572],[98.02603352542032,39.90151378950853]]],[[[98.02997435814854,39.920780379766896],[98.02232663711933,39.92188186479502],[98.02721572860632,39.92638185783391],[98.02997435814854,39.920780379766896]]],[[[98.07227251576234,39.928417681467685],[98.0646246002575,39.92952235210693],[98.06951745602242,39.93402037986276],[98.07227251576234,39.928417681467685]]],[[[98.06545250195919,40.009250683575104],[98.0045133971237,39.98077799930607],[98.12466112581758,39.977018828291065],[98.10576663291052,39.959186074464206],[98.07227147116515,39.96104161921743],[98.09278402967738,39.934847127908824],[98.06279122459037,39.941457557603655],[98.0433289031376,39.9290805860122],[98.04075852353829,39.94262745176234],[98.02442953364294,39.932673109652775],[98.01313730443265,39.94800741769996],[97.98843341563904,39.936179436709175],[98.00209885522594,39.94626531974063],[97.91220870736915,39.95333169731252],[97.89474367474203,39.94155561983701],[97.87836988501246,39.965921567867234],[97.9146012320042,39.96499153798169],[97.92577916688323,39.98246474963169],[97.91765757872582,39.98427547040278],[97.90148721944308,39.99339584076322],[97.91298453081833,40.01054090746407],[98.04834516872843,40.027683142220816],[98.06545250195919,40.009250683575104]],[[97.98154891251563,39.98135098222688],[97.99656084716915,39.992034442857985],[98.00459526038475,40.00324444800789],[97.95370611967883,39.99315945761547],[97.96207071394451,39.96644096293661],[98.00506025798934,39.9760657200088],[97.98154891251563,39.98135098222688]],[[97.97829956689337,39.95893312149549],[97.9831883767897,39.963435524842275],[97.97553440807745,39.96453358717666],[97.97829956689337,39.95893312149549]],[[98.05221716836304,39.96632571889207],[98.04193087892077,39.96151799105736],[98.05623460475555,39.96056960428178],[98.05221716836304,39.96632571889207]],[[98.00339079357626,39.97224256993702],[97.9984997667055,39.96774106274804],[98.00615372393882,39.96664127240116],[98.00339079357626,39.97224256993702]],[[97.9477214134868,39.973152509114044],[97.94283446009806,39.96864832906538],[97.95048954334507,39.96755271017791],[97.9477214134868,39.973152509114044]],[[97.944528398231,39.98275115510772],[97.92866054468374,39.97760435306048],[97.94938738114467,39.97697657469659],[97.944528398231,39.98275115510772]],[[97.93211859020302,39.96627918185203],[97.9293488167615,39.971878469724615],[97.9244633355556,39.96737342080797],[97.93211859020302,39.96627918185203]],[[97.93488785056542,39.96067987529288],[97.93977356763033,39.96518437108285],[97.93211859020302,39.96627918185203],[97.93488785056542,39.96067987529288]]],[[[98.1142476871901,39.99300459971663],[98.09351710542694,39.99366585828474],[98.10940318274245,39.998787178491675],[98.1142476871901,39.99300459971663]]],[[[98.15309466230086,39.10826132077482],[98.16517334350152,39.10908285306531],[98.16570007411478,39.10437759068003],[98.15330818448325,39.106357377668935],[98.15309466230086,39.10826132077482]]],[[[98.14048765099078,39.11214350552352],[98.15309466230086,39.10826132077482],[98.14079672150805,39.109392780983164],[98.14048765099078,39.11214350552352]]],[[[98.24620491553375,39.531912414376606],[98.23800775955758,39.53400378677627],[98.24257644277218,39.54245289139701],[98.24620491553375,39.531912414376606]]],[[[98.2274337958271,39.53540265885237],[98.21983810461818,39.53651814082366],[98.22471081803482,39.54100543016358],[98.2274337958271,39.53540265885237]]],[[[98.23397691527312,39.54815170760414],[98.22374698792194,39.54336602872213],[98.21977295075874,39.549124256703905],[98.23397691527312,39.54815170760414]]],[[[98.21977295075874,39.549124256703905],[98.21171800958206,39.55095687420007],[98.21924655384538,39.5538339357204],[98.21977295075874,39.549124256703905]]],[[[98.22068729374412,39.559715693058564],[98.22648442536867,39.55594261037011],[98.21924655384538,39.5538339357204],[98.22068729374412,39.559715693058564]]],[[[98.13536584481726,39.590890084480286],[98.11415081331957,39.59360135857954],[98.1239627202694,39.601540856937596],[98.13536584481726,39.590890084480286]]],[[[98.21971722417472,39.68783957843684],[98.2238203936966,39.67752312481869],[98.20878792944704,39.682642023122064],[98.21971722417472,39.68783957843684]]],[[[98.20447426622222,39.68572096755512],[98.19625489780869,39.6878095766852],[98.20082934637678,39.69626302587838],[98.20447426622222,39.68572096755512]]],[[[98.17292750334788,39.69309516762598],[98.16531107299495,39.69420690034113],[98.17019241568124,39.698698149726795],[98.17292750334788,39.69309516762598]]],[[[98.18723373058909,39.70008335028146],[98.19122074190203,39.694324749861465],[98.17698187893421,39.6952915793478],[98.18723373058909,39.70008335028146]]],[[[98.23285459073995,39.70660317266331],[98.22523756474664,39.707719421744],[98.23012442907951,39.71220790675729],[98.23285459073995,39.70660317266331]]],[[[98.22200037822806,39.71570100032419],[98.19625976398275,39.70415564175672],[98.16360619810142,39.70415005676188],[98.19093115995138,39.72942684094892],[98.22200037822806,39.71570100032419]]],[[[98.1299925249622,39.940420170415976],[98.10576663291052,39.959186074464206],[98.13234819783598,39.95927101244633],[98.1299925249622,39.940420170415976]]],[[[98.14197618438325,39.966380184890845],[98.13432474219704,39.96749015527205],[98.13922585681301,39.97198514702752],[98.14197618438325,39.966380184890845]]],[[[98.42046609080144,39.05500971703511],[98.32517963915245,39.05496043410791],[98.21618614504771,39.08895192847141],[98.23664375969595,39.09812764605049],[98.2937829071308,39.068538857151886],[98.42046609080144,39.05500971703511]]],[[[98.44223818964572,39.51263792658167],[98.44493986178477,39.507029644814544],[98.43735172675194,39.50816134497231],[98.44223818964572,39.51263792658167]]],[[[98.31566020076903,39.52541113739817],[98.31078203186314,39.520928353025724],[98.30806737899508,39.52653320245444],[98.31566020076903,39.52541113739817]]],[[[98.30047427721156,39.52765470159637],[98.30535222589565,39.532138039572395],[98.30806737899508,39.52653320245444],[98.30047427721156,39.52765470159637]]],[[[98.37479710575063,39.644790803046455],[98.36057281352647,39.645783242811554],[98.3708307631375,39.650556048198744],[98.37479710575063,39.644790803046455]]],[[[98.3539312695807,39.667150889758574],[98.34632142747752,39.66827612187025],[98.3512140624623,39.67275845219123],[98.3539312695807,39.667150889758574]]],[[[98.34122103248453,39.671062444276025],[98.33361046464661,39.6721867331033],[98.33850247622192,39.67666970813281],[98.34122103248453,39.671062444276025]]],[[[98.31978707977832,39.66702807279488],[98.26939448111705,39.70165216878234],[98.32954701496882,39.66554982915253],[98.31978707977832,39.66702807279488]]],[[[98.38764600147185,41.44198705109692],[98.3750866907186,41.441188957349674],[98.3829284189941,41.45286280260598],[98.38764600147185,41.44198705109692]]],[[[98.53960283872583,39.423009504894296],[98.5320269299215,39.42414810225135],[98.53691360667501,39.42861939135827],[98.53960283872583,39.423009504894296]]],[[[98.51634100939373,39.437511751178505],[98.52340174958377,39.420924184296084],[98.51581382024379,39.41674375155325],[98.51634100939373,39.437511751178505]]],[[[98.53152520274318,39.44146182271114],[98.54874992314825,39.45204713338546],[98.54974992433272,39.44262632969237],[98.53152520274318,39.44146182271114]]],[[[98.5062201260103,39.44932438442112],[98.49204363427965,39.45033484413044],[98.50227895335235,39.45509259240266],[98.5062201260103,39.44932438442112]]],[[[99.26817733731103,39.10792614325673],[99.27386667592012,39.10409698445796],[99.26664679413214,39.102065009075304],[99.26817733731103,39.10792614325673]]],[[[99.2704838455408,39.12596244556069],[99.2629586181908,39.127154954640766],[99.26787475265179,39.13158816866577],[99.2704838455408,39.12596244556069]]],[[[99.21203835701627,39.16524628392257],[99.20450715811126,39.16643452629548],[99.20942221143568,39.17087094083652],[99.21203835701627,39.16524628392257]]],[[[99.19791263027844,39.21784515708929],[99.20935717786422,39.19351228021202],[99.18675512105206,39.18103784461542],[99.17730154134662,39.18731854549178],[99.19791263027844,39.21784515708929]]],[[[99.21080248300402,39.21396252287651],[99.22159830220954,39.21032263547774],[99.20801565825171,39.20764585492491],[99.21080248300402,39.21396252287651]]],[[[99.44823135537463,39.82937220224337],[99.43770609018696,39.827157390019806],[99.4311582825302,39.83713269789547],[99.44823135537463,39.82937220224337]]],[[[99.42061384582311,39.83915393975966],[99.41916164886378,39.843621339621976],[99.42207533459211,39.84173521482371],[99.42061384582311,39.83915393975966]]],[[[99.40170779444911,39.852511244110175],[99.4032570020149,39.855186020239856],[99.40733115799443,39.85150429735488],[99.40170779444911,39.852511244110175]]],[[[99.36316644393254,39.859010430446176],[99.35095646812594,39.87445039658907],[99.36600707373037,39.87063201098105],[99.36316644393254,39.859010430446176]]],[[[99.68505929185821,40.931769726637924],[99.657614823254,40.932486422077865],[99.67964884902811,40.93773158005264],[99.68505929185821,40.931769726637924]]],[[[99.69776146540254,41.185432935790736],[99.7014078904164,41.170118302871934],[99.67966989385636,41.1811511334322],[99.69776146540254,41.185432935790736]]]]},"properties":{"pref":"Su Zhou","province":"Longyou Dao","dynasty":"唐朝","year":742,"popdens":0.0489,"popdens_max":0.0584}}]}